module_id	spot_id
module_10	spot_0
module_139	spot_0
module_193	spot_0
module_152	spot_0
module_151	spot_0
module_150	spot_0
module_392	spot_0
module_517	spot_0
module_89	spot_1
module_245	spot_1
module_38	spot_3
module_37	spot_3
module_39	spot_3
module_40	spot_3
module_303	spot_3
module_85	spot_4
module_148	spot_4
module_378	spot_4
module_379	spot_4
module_312	spot_4
module_294	spot_5
module_614	spot_5
module_21	spot_5
module_22	spot_5
module_136	spot_6
module_248	spot_6
module_450	spot_6
module_46	spot_7
module_44	spot_8
module_45	spot_8
module_8	spot_9
module_154	spot_10
module_251	spot_10
module_27	spot_12
module_164	spot_12
module_417	spot_12
module_416	spot_12
module_650	spot_12
module_415	spot_12
module_405	spot_12
module_406	spot_12
module_407	spot_12
module_408	spot_12
module_395	spot_12
module_463	spot_12
module_519	spot_12
module_202	spot_12
module_652	spot_12
module_34	spot_13
module_240	spot_13
module_82	spot_15
module_279	spot_16
module_344	spot_16
module_100	spot_17
module_215	spot_19
module_194	spot_19
module_275	spot_19
module_40	spot_19
module_558	spot_19
module_366	spot_21
module_141	spot_22
module_149	spot_23
module_299	spot_23
module_598	spot_23
module_7	spot_23
module_92	spot_23
module_26	spot_24
module_195	spot_24
module_166	spot_25
module_167	spot_25
module_97	spot_25
module_155	spot_25
module_571	spot_25
module_327	spot_25
module_59	spot_26
module_272	spot_26
module_95	spot_26
module_20	spot_26
module_19	spot_26
module_74	spot_26
module_33	spot_26
module_154	spot_27
module_178	spot_28
module_177	spot_28
module_471	spot_28
module_60	spot_28
module_509	spot_28
module_27	spot_29
module_436	spot_29
module_435	spot_29
module_434	spot_29
module_18	spot_29
module_164	spot_29
module_426	spot_29
module_33	spot_29
module_75	spot_29
module_399	spot_29
module_621	spot_29
module_332	spot_29
module_203	spot_29
module_292	spot_29
module_157	spot_29
module_156	spot_29
module_155	spot_29
module_590	spot_29
module_258	spot_29
module_406	spot_29
module_407	spot_29
module_408	spot_29
module_395	spot_29
module_519	spot_29
module_202	spot_29
module_409	spot_29
module_412	spot_29
module_411	spot_29
module_410	spot_29
module_530	spot_29
module_269	spot_29
module_335	spot_30
module_260	spot_30
module_253	spot_30
module_254	spot_30
module_162	spot_30
module_4	spot_30
module_575	spot_30
module_483	spot_30
module_263	spot_31
module_120	spot_31
module_239	spot_31
module_87	spot_31
module_213	spot_31
module_242	spot_32
module_183	spot_33
module_304	spot_33
module_306	spot_33
module_189	spot_34
module_190	spot_34
module_153	spot_35
module_434	spot_35
module_435	spot_35
module_140	spot_36
module_145	spot_36
module_207	spot_37
module_222	spot_37
module_158	spot_37
module_159	spot_37
module_96	spot_37
module_143	spot_37
module_658	spot_37
module_580	spot_37
module_503	spot_37
module_351	spot_37
module_482	spot_39
module_271	spot_39
module_381	spot_39
module_172	spot_39
module_257	spot_39
module_628	spot_39
module_629	spot_39
module_630	spot_39
module_423	spot_39
module_424	spot_39
module_425	spot_39
module_290	spot_39
module_470	spot_39
module_469	spot_39
module_523	spot_39
module_468	spot_39
module_467	spot_39
module_526	spot_39
module_33	spot_39
module_278	spot_39
module_570	spot_39
module_375	spot_39
module_459	spot_39
module_577	spot_39
module_103	spot_40
module_14	spot_40
module_123	spot_41
module_108	spot_42
module_135	spot_42
module_527	spot_42
module_348	spot_42
module_305	spot_42
module_257	spot_43
module_161	spot_43
module_439	spot_43
module_160	spot_43
module_312	spot_44
module_379	spot_44
module_378	spot_44
module_148	spot_44
module_180	spot_46
module_192	spot_47
module_70	spot_47
module_155	spot_48
module_156	spot_48
module_157	spot_48
module_388	spot_48
module_590	spot_48
module_542	spot_48
module_277	spot_48
module_558	spot_48
module_171	spot_49
module_80	spot_50
module_456	spot_50
module_309	spot_50
module_91	spot_51
module_147	spot_52
module_79	spot_52
module_127	spot_52
module_78	spot_52
module_314	spot_52
module_259	spot_52
module_287	spot_52
module_125	spot_52
module_345	spot_52
module_597	spot_52
module_596	spot_52
module_205	spot_52
module_555	spot_52
module_556	spot_52
module_325	spot_53
module_246	spot_53
module_169	spot_53
module_168	spot_53
module_268	spot_53
module_199	spot_53
module_317	spot_53
module_464	spot_53
module_478	spot_53
module_131	spot_53
module_429	spot_53
module_84	spot_53
module_83	spot_53
module_547	spot_53
module_38	spot_54
module_126	spot_54
module_129	spot_54
module_303	spot_54
module_130	spot_54
module_40	spot_54
module_39	spot_54
module_148	spot_54
module_413	spot_54
module_379	spot_54
module_312	spot_54
module_653	spot_54
module_110	spot_55
module_93	spot_55
module_182	spot_55
module_261	spot_55
module_432	spot_55
module_241	spot_55
module_124	spot_55
module_186	spot_57
module_187	spot_57
module_188	spot_57
module_635	spot_57
module_636	spot_57
module_156	spot_57
module_357	spot_57
module_356	spot_57
module_355	spot_57
module_354	spot_57
module_387	spot_57
module_385	spot_57
module_353	spot_57
module_285	spot_58
module_112	spot_58
module_73	spot_58
module_218	spot_58
module_229	spot_58
module_185	spot_59
module_211	spot_59
module_184	spot_59
module_220	spot_60
module_91	spot_61
module_235	spot_62
module_221	spot_63
module_198	spot_63
module_210	spot_64
module_149	spot_65
module_217	spot_66
module_393	spot_66
module_107	spot_66
module_155	spot_66
module_156	spot_66
module_157	spot_66
module_518	spot_66
module_228	spot_67
module_90	spot_67
module_138	spot_68
module_238	spot_70
module_575	spot_70
module_234	spot_71
module_81	spot_71
module_170	spot_71
module_76	spot_71
module_591	spot_71
module_562	spot_71
module_249	spot_73
module_200	spot_73
module_252	spot_74
module_148	spot_74
module_379	spot_74
module_312	spot_74
module_71	spot_75
module_243	spot_75
module_33	spot_75
module_67	spot_77
module_629	spot_77
module_628	spot_77
module_257	spot_77
module_109	spot_78
module_460	spot_78
module_68	spot_79
module_69	spot_80
module_91	spot_80
module_319	spot_81
module_320	spot_81
module_321	spot_81
module_322	spot_81
module_88	spot_81
module_198	spot_82
module_280	spot_83
module_9	spot_84
module_201	spot_85
module_114	spot_85
module_115	spot_85
module_53	spot_86
module_581	spot_86
module_583	spot_86
module_582	spot_86
module_324	spot_86
module_359	spot_86
module_323	spot_86
module_613	spot_86
module_48	spot_86
module_595	spot_86
module_51	spot_86
module_651	spot_87
module_573	spot_87
module_224	spot_87
module_490	spot_87
module_74	spot_87
module_33	spot_87
module_289	spot_88
module_31	spot_89
module_312	spot_89
module_418	spot_89
module_379	spot_89
module_413	spot_89
module_148	spot_89
module_414	spot_89
module_56	spot_90
module_584	spot_90
module_212	spot_90
module_5	spot_90
module_28	spot_90
module_585	spot_90
module_2	spot_90
module_586	spot_90
module_631	spot_90
module_54	spot_90
module_632	spot_90
module_538	spot_90
module_633	spot_90
module_308	spot_90
module_589	spot_90
module_55	spot_90
module_587	spot_90
module_3	spot_90
module_30	spot_90
module_310	spot_90
module_309	spot_90
module_77	spot_90
module_453	spot_90
module_298	spot_90
module_250	spot_91
module_329	spot_92
module_60	spot_92
module_72	spot_93
module_395	spot_93
module_408	spot_93
module_412	spot_93
module_406	spot_93
module_409	spot_93
module_18	spot_93
module_164	spot_93
module_35	spot_93
module_58	spot_93
module_57	spot_93
module_165	spot_93
module_601	spot_93
module_277	spot_93
module_173	spot_93
module_155	spot_93
module_156	spot_93
module_157	spot_93
module_546	spot_93
module_74	spot_93
module_33	spot_93
module_486	spot_93
module_225	spot_94
module_224	spot_94
module_315	spot_95
module_499	spot_96
module_428	spot_96
module_179	spot_96
module_23	spot_96
module_574	spot_96
module_612	spot_96
module_373	spot_96
module_452	spot_96
module_313	spot_98
module_86	spot_100
module_376	spot_100
module_235	spot_100
module_318	spot_101
module_117	spot_104
module_44	spot_104
module_45	spot_104
module_364	spot_104
module_502	spot_104
module_327	spot_104
module_244	spot_105
module_226	spot_106
module_225	spot_106
module_224	spot_106
module_118	spot_106
module_307	spot_107
module_296	spot_108
module_339	spot_108
module_333	spot_111
module_9	spot_112
module_349	spot_113
module_297	spot_114
module_29	spot_115
module_351	spot_116
module_458	spot_116
module_102	spot_117
module_201	spot_118
module_114	spot_118
module_109	spot_118
module_338	spot_118
module_115	spot_118
module_460	spot_118
module_334	spot_119
module_328	spot_121
module_142	spot_121
module_122	spot_121
module_662	spot_121
module_219	spot_121
module_181	spot_121
module_104	spot_121
module_514	spot_121
module_264	spot_121
module_25	spot_122
module_484	spot_122
module_346	spot_123
module_347	spot_123
module_106	spot_124
module_377	spot_125
module_340	spot_126
module_209	spot_126
module_44	spot_126
module_302	spot_126
module_176	spot_126
module_92	spot_126
module_579	spot_126
module_510	spot_126
module_599	spot_126
module_36	spot_126
module_116	spot_126
module_360	spot_126
module_384	spot_127
module_385	spot_127
module_386	spot_127
module_387	spot_127
module_355	spot_127
module_356	spot_127
module_357	spot_127
module_358	spot_127
module_0	spot_127
module_93	spot_128
module_110	spot_128
module_182	spot_128
module_458	spot_129
module_274	spot_129
module_175	spot_129
module_174	spot_129
module_270	spot_129
module_286	spot_129
module_515	spot_129
module_516	spot_129
module_500	spot_129
module_31	spot_131
module_155	spot_133
module_397	spot_133
module_156	spot_133
module_398	spot_133
module_225	spot_133
module_224	spot_133
module_75	spot_135
module_541	spot_138
module_427	spot_138
module_298	spot_138
module_214	spot_139
module_181	spot_139
module_475	spot_139
module_437	spot_139
module_431	spot_139
module_121	spot_139
module_155	spot_140
module_430	spot_140
module_132	spot_141
module_620	spot_141
module_43	spot_141
module_92	spot_141
module_312	spot_142
module_379	spot_142
module_413	spot_142
module_148	spot_142
module_411	spot_142
module_133	spot_143
module_31	spot_143
module_134	spot_143
module_137	spot_143
module_163	spot_144
module_367	spot_144
module_284	spot_144
module_368	spot_144
module_369	spot_144
module_498	spot_144
module_205	spot_144
module_204	spot_144
module_203	spot_144
module_443	spot_144
module_206	spot_144
module_350	spot_144
module_568	spot_144
module_508	spot_144
module_543	spot_144
module_544	spot_144
module_17	spot_145
module_16	spot_145
module_362	spot_146
module_438	spot_146
module_361	spot_146
module_365	spot_146
module_52	spot_146
module_271	spot_147
module_33	spot_151
module_74	spot_151
module_496	spot_152
module_295	spot_152
module_295	spot_153
module_449	spot_153
module_265	spot_156
module_445	spot_156
module_401	spot_156
module_446	spot_156
module_400	spot_156
module_341	spot_156
module_447	spot_156
module_448	spot_156
module_61	spot_157
module_181	spot_158
module_219	spot_158
module_142	spot_158
module_122	spot_158
module_328	spot_158
module_337	spot_159
module_11	spot_160
module_12	spot_160
module_442	spot_160
module_13	spot_160
module_331	spot_160
module_330	spot_160
module_6	spot_161
module_476	spot_161
module_47	spot_162
module_31	spot_163
module_451	spot_164
module_15	spot_166
module_94	spot_167
module_397	spot_168
module_466	spot_169
module_236	spot_170
module_255	spot_170
module_233	spot_170
module_232	spot_170
module_231	spot_170
module_230	spot_170
module_29	spot_172
module_495	spot_172
module_200	spot_172
module_461	spot_172
module_108	spot_173
module_348	spot_173
module_89	spot_173
module_602	spot_174
module_312	spot_174
module_379	spot_174
module_378	spot_174
module_148	spot_174
module_480	spot_174
module_481	spot_174
module_605	spot_174
module_606	spot_174
module_607	spot_174
module_119	spot_175
module_101	spot_176
module_266	spot_177
module_41	spot_178
module_224	spot_216
module_490	spot_216
module_454	spot_216
module_455	spot_216
module_156	spot_216
module_396	spot_217
module_332	spot_217
module_203	spot_217
module_15	spot_217
module_204	spot_217
module_205	spot_217
module_498	spot_217
module_380	spot_217
module_389	spot_217
module_567	spot_217
module_563	spot_217
module_350	spot_217
module_371	spot_217
module_370	spot_217
module_284	spot_217
module_367	spot_217
module_488	spot_218
module_512	spot_218
module_497	spot_218
module_491	spot_218
module_489	spot_218
module_513	spot_218
module_531	spot_218
module_569	spot_218
module_1	spot_219
module_494	spot_220
module_363	spot_221
module_504	spot_222
module_53	spot_222
module_505	spot_222
module_506	spot_222
module_202	spot_223
module_262	spot_223
module_395	spot_223
module_407	spot_223
module_406	spot_223
module_593	spot_223
module_656	spot_223
module_258	spot_223
module_164	spot_223
module_657	spot_223
module_208	spot_224
module_507	spot_224
module_423	spot_224
module_424	spot_224
module_425	spot_224
module_257	spot_224
module_155	spot_225
module_524	spot_226
module_400	spot_226
module_401	spot_226
module_445	spot_226
module_525	spot_226
module_265	spot_226
module_511	spot_228
module_602	spot_228
module_603	spot_228
module_604	spot_228
module_605	spot_228
module_606	spot_228
module_607	spot_228
module_88	spot_229
module_533	spot_229
module_321	spot_229
module_534	spot_229
module_532	spot_229
module_535	spot_229
module_4	spot_230
module_88	spot_230
module_532	spot_230
module_3	spot_231
module_522	spot_231
module_521	spot_231
module_520	spot_231
module_65	spot_231
module_64	spot_231
module_63	spot_231
module_62	spot_231
module_144	spot_232
module_383	spot_233
module_191	spot_234
module_539	spot_234
module_218	spot_236
module_229	spot_236
module_540	spot_237
module_313	spot_240
module_24	spot_244
module_87	spot_244
module_267	spot_245
module_256	spot_245
module_615	spot_245
module_576	spot_245
module_465	spot_245
module_494	spot_250
module_3	spot_251
module_322	spot_251
module_522	spot_251
module_64	spot_251
module_63	spot_251
module_61	spot_251
module_267	spot_252
module_256	spot_252
module_500	spot_252
module_270	spot_252
module_274	spot_252
module_576	spot_252
module_615	spot_252
module_200	spot_254
module_495	spot_254
module_578	spot_255
module_248	spot_256
module_511	spot_257
module_132	spot_259
module_627	spot_260
module_399	spot_260
module_292	spot_260
module_203	spot_260
module_293	spot_260
module_561	spot_260
module_202	spot_260
module_634	spot_260
module_262	spot_260
module_486	spot_260
module_395	spot_260
module_408	spot_260
module_412	spot_260
module_406	spot_260
module_69	spot_262
module_592	spot_264
module_555	spot_265
module_596	spot_265
module_205	spot_265
module_597	spot_265
module_13	spot_266
module_12	spot_266
module_11	spot_266
module_309	spot_267
module_74	spot_268
module_33	spot_268
module_47	spot_269
module_272	spot_270
module_589	spot_271
module_28	spot_271
module_54	spot_271
module_274	spot_272
module_300	spot_272
module_301	spot_272
module_367	spot_275
module_284	spot_275
module_368	spot_275
module_369	spot_275
module_370	spot_275
module_371	spot_275
module_372	spot_275
module_456	spot_276
module_64	spot_283
module_521	spot_283
module_529	spot_283
module_398	spot_284
module_225	spot_284
module_224	spot_284
module_312	spot_285
module_379	spot_285
module_378	spot_285
module_148	spot_285
module_271	spot_286
module_482	spot_286
module_257	spot_286
module_31	spot_288
module_316	spot_290
module_50	spot_290
module_565	spot_290
module_506	spot_290
module_48	spot_290
module_595	spot_290
module_51	spot_290
module_505	spot_290
module_49	spot_290
module_608	spot_290
module_227	spot_290
module_539	spot_290
module_578	spot_293
module_148	spot_295
module_378	spot_295
module_379	spot_295
module_312	spot_295
module_413	spot_295
module_148	spot_296
module_413	spot_296
module_379	spot_296
module_639	spot_296
module_312	spot_296
module_157	spot_299
module_33	spot_299
module_74	spot_299
module_636	spot_299
module_635	spot_299
module_435	spot_303
module_434	spot_303
module_654	spot_304
module_655	spot_304
module_607	spot_305
module_230	spot_307
module_231	spot_307
module_232	spot_307
module_233	spot_307
module_255	spot_307
module_236	spot_307
module_648	spot_307
module_659	spot_307
module_537	spot_307
module_273	spot_307
module_643	spot_308
module_485	spot_308
module_611	spot_308
module_441	spot_308
module_440	spot_308
module_257	spot_309
module_566	spot_309
module_43	spot_310
module_312	spot_311
module_379	spot_311
module_378	spot_311
module_381	spot_313
module_74	spot_314
module_33	spot_314
module_31	spot_315
module_33	spot_316
module_74	spot_316
module_281	spot_317
module_607	spot_320
module_606	spot_320
module_605	spot_320
module_604	spot_320
module_603	spot_320
module_602	spot_320
module_265	spot_321
module_525	spot_321
module_445	spot_321
module_401	spot_321
module_446	spot_321
module_400	spot_321
module_341	spot_321
module_524	spot_321
module_663	spot_322
module_148	spot_323
module_413	spot_323
module_379	spot_323
module_311	spot_323
module_312	spot_323
module_312	spot_324
module_379	spot_324
module_413	spot_324
module_148	spot_324
module_414	spot_324
module_13	spot_325
module_330	spot_325
module_331	spot_325
module_11	spot_325
module_312	spot_327
module_379	spot_327
module_378	spot_327
module_414	spot_327
