spot_id	number	border1	border2
26	1	EHA00539_bin.6_CDS_1167,EHA00531_bin.1_CDS_2691,EHA00531_bin.1_CDS_2690	EHA00726_bin.13_CDS_1843,EHA00531_bin.1_CDS_1217,GCA_015060925.1_ASM1506092v1_genomic_CDS_0158
26	2	EHA00531_bin.1_CDS_1217,GCA_015060925.1_ASM1506092v1_genomic_CDS_0158,EHA00531_bin.1_CDS_1219	EHA03349_bin.40_CDS_0633,EHA00539_bin.6_CDS_1167,EHA00531_bin.1_CDS_2691
26	64	EHA00726_bin.13_CDS_1843,EHA00531_bin.1_CDS_1217,GCA_015060925.1_ASM1506092v1_genomic_CDS_0158	EHA03349_bin.40_CDS_0633,EHA00539_bin.6_CDS_1167,EHA00531_bin.1_CDS_2691
44	63	EHA00531_bin.1_CDS_2303,EHA00531_bin.1_CDS_2302,EHA00531_bin.1_CDS_2301	EHA00726_bin.13_CDS_2662,EHA00531_bin.1_CDS_1272,EHA00531_bin.1_CDS_1271
28	57	EHA00539_bin.6_CDS_2158,EHA00531_bin.1_CDS_2708,EHA00928_bin.90_CDS_0441	EHA03390_bin.20_CDS_0956,EHA00535_bin.6_CDS_2616,EHA00531_bin.1_CDS_2235
28	2	EHA00535_bin.6_CDS_2616,EHA00531_bin.1_CDS_2235,EHA00531_bin.1_CDS_2234	EHA00539_bin.6_CDS_2158,EHA00531_bin.1_CDS_2708,EHA00928_bin.90_CDS_0441
41	57	EHA00531_bin.1_CDS_3402,EHA00531_bin.1_CDS_3403,EHA00531_bin.1_CDS_3404	EHA00535_bin.6_CDS_0124,EHA00531_bin.1_CDS_1030,EHA00531_bin.1_CDS_1029
41	1	EHA00535_bin.6_CDS_0124,EHA00531_bin.1_CDS_1030,EHA00531_bin.1_CDS_1028	EHA00531_bin.1_CDS_3402,EHA00531_bin.1_CDS_3403,EHA00531_bin.1_CDS_3404
16	50	EHA00531_bin.1_CDS_0588,GCF_018587995.1_ASM1858799v1_genomic_CDS_1931,EHA00531_bin.1_CDS_0586	EHA00531_bin.1_CDS_0594,EHA00531_bin.1_CDS_0595,EHA00531_bin.1_CDS_0596
16	5	EHA00531_bin.1_CDS_0595,EHA00531_bin.1_CDS_0596,EHA00531_bin.1_CDS_0597	EHA00531_bin.1_CDS_0588,GCF_018587995.1_ASM1858799v1_genomic_CDS_1931,EHA00531_bin.1_CDS_0586
16	1	EHA00531_bin.1_CDS_0588,EHA00531_bin.1_CDS_0586,GCA_959606485.1_SRR16244384_bin.5_MetaWRAP_v1.3_MAG_genomic_CDS_1111	EHA00531_bin.1_CDS_0594,EHA00531_bin.1_CDS_0595,EHA00531_bin.1_CDS_0596
16	1	EHA00531_bin.1_CDS_0588,GCA_959606485.1_SRR16244384_bin.5_MetaWRAP_v1.3_MAG_genomic_CDS_1111,EHA01634_bin.14_CDS_1013	EHA00531_bin.1_CDS_0594,EHA00531_bin.1_CDS_0595,EHA00531_bin.1_CDS_0596
58	10	EHA00531_bin.1_CDS_3120,EHA00531_bin.1_CDS_3121,EHA00531_bin.1_CDS_3122	EHA00726_bin.13_CDS_2701,GCA_014870645.1_ASM1487064v1_genomic_CDS_0584,EHA00726_bin.13_CDS_2703
58	46	EHA00726_bin.13_CDS_2701,GCA_014870645.1_ASM1487064v1_genomic_CDS_0584,EHA00726_bin.13_CDS_2703	EHA00928_bin.90_CDS_2875,EHA00531_bin.1_CDS_3120,EHA00531_bin.1_CDS_3121
58	1	EHA00928_bin.90_CDS_2875,EHA00531_bin.1_CDS_3120,EHA00531_bin.1_CDS_3120	EHA00726_bin.13_CDS_2701,GCA_014870645.1_ASM1487064v1_genomic_CDS_0584,EHA00726_bin.13_CDS_2703
18	1	GCA_958404515.1_ERR9492504_bin.8_MetaWRAP_v1.3_MAG_genomic_CDS_0194,EHA00531_bin.1_CDS_2883,EHA00531_bin.1_CDS_2882	EHA00531_bin.1_CDS_1699,EHA00531_bin.1_CDS_1700,EHA00531_bin.1_CDS_1701
18	6	EHA00531_bin.1_CDS_1698,EHA00531_bin.1_CDS_1699,EHA00531_bin.1_CDS_1700	GCA_958404515.1_ERR9492504_bin.8_MetaWRAP_v1.3_MAG_genomic_CDS_0194,EHA00531_bin.1_CDS_2883,EHA00531_bin.1_CDS_2882
18	1	EHA04680_bin.8_CDS_3883,GCA_958404515.1_ERR9492504_bin.8_MetaWRAP_v1.3_MAG_genomic_CDS_0194,EHA00531_bin.1_CDS_2882	EHA00531_bin.1_CDS_1698,EHA00531_bin.1_CDS_1699,EHA00531_bin.1_CDS_1700
18	3	EHA04680_bin.8_CDS_3883,GCA_958404515.1_ERR9492504_bin.8_MetaWRAP_v1.3_MAG_genomic_CDS_0194,EHA00531_bin.1_CDS_2883	EHA00531_bin.1_CDS_1698,EHA00531_bin.1_CDS_1699,EHA00531_bin.1_CDS_1700
18	12	GCA_958404515.1_ERR9492504_bin.8_MetaWRAP_v1.3_MAG_genomic_CDS_0194,EHA00539_bin.6_CDS_2652,EHA00531_bin.1_CDS_2883	EHA00531_bin.1_CDS_1698,EHA00531_bin.1_CDS_1699,EHA00531_bin.1_CDS_1700
18	1	EHA00531_bin.1_CDS_1698,EHA00531_bin.1_CDS_1699,EHA00531_bin.1_CDS_1700	GCA_958404515.1_ERR9492504_bin.8_MetaWRAP_v1.3_MAG_genomic_CDS_0194,EHA00531_bin.1_CDS_2883,EHA00531_bin.1_CDS_2883
18	28	EHA04680_bin.8_CDS_3883,GCA_958404515.1_ERR9492504_bin.8_MetaWRAP_v1.3_MAG_genomic_CDS_0194,EHA00539_bin.6_CDS_2652	EHA00531_bin.1_CDS_1698,EHA00531_bin.1_CDS_1699,EHA00531_bin.1_CDS_1700
18	3	EHA00531_bin.1_CDS_1698,EHA00531_bin.1_CDS_1699,EHA00531_bin.1_CDS_1700	GCA_958404515.1_ERR9492504_bin.8_MetaWRAP_v1.3_MAG_genomic_CDS_0194,EHA00539_bin.6_CDS_2652,EHA00539_bin.6_CDS_2652
68	1	EHA00535_bin.6_CDS_1641,EHA00535_bin.6_CDS_1640,EHA01439_bin.44_CDS_1789	EHA00539_bin.6_CDS_3002,EHA00539_bin.6_CDS_3002,EHA00531_bin.1_CDS_3627
68	1	EHA00535_bin.6_CDS_1641,EHA00535_bin.6_CDS_1640,EHA01439_bin.44_CDS_1789	EHA00531_bin.1_CDS_3627,EHA00531_bin.1_CDS_3628,EHA00531_bin.1_CDS_3629
68	53	EHA00535_bin.6_CDS_1641,EHA00535_bin.6_CDS_1640,EHA01439_bin.44_CDS_1789	EHA00539_bin.6_CDS_3002,EHA00531_bin.1_CDS_3627,EHA00531_bin.1_CDS_3628
23	45	EHA00531_bin.1_CDS_0099,EHA00531_bin.1_CDS_0098,EHA00531_bin.1_CDS_0097	EHA00531_bin.1_CDS_0517,GCA_003464145.1_ASM346414v1_genomic_CDS_4240,EHA00531_bin.1_CDS_0515
23	1	EHA00531_bin.1_CDS_0099,EHA00531_bin.1_CDS_0098,EHA00531_bin.1_CDS_0098	EHA00531_bin.1_CDS_0517,GCA_003464145.1_ASM346414v1_genomic_CDS_4240,EHA00531_bin.1_CDS_0515
23	4	EHA00531_bin.1_CDS_0517,GCA_003464145.1_ASM346414v1_genomic_CDS_4240,EHA00531_bin.1_CDS_0515	EHA00531_bin.1_CDS_0099,EHA00531_bin.1_CDS_0099,EHA00531_bin.1_CDS_0098
23	3	GCA_003464145.1_ASM346414v1_genomic_CDS_4240,EHA00531_bin.1_CDS_0515,EHA00531_bin.1_CDS_0514	EHA00531_bin.1_CDS_0099,EHA00531_bin.1_CDS_0098,EHA00531_bin.1_CDS_0097
23	1	EHA00531_bin.1_CDS_0098,EHA00531_bin.1_CDS_0097,EHA00531_bin.1_CDS_0096	EHA00531_bin.1_CDS_0517,GCA_003464145.1_ASM346414v1_genomic_CDS_4240,EHA00531_bin.1_CDS_0515
24	53	EHA03390_bin.20_CDS_1352,EHA00531_bin.1_CDS_1513,EHA00535_bin.6_CDS_1907	EHA00531_bin.1_CDS_1521,EHA00531_bin.1_CDS_1522,EHA00531_bin.1_CDS_1523
47	2	EHA00531_bin.1_CDS_1328,EHA00531_bin.1_CDS_1329,EHA00531_bin.1_CDS_1330	EHA00531_bin.1_CDS_3014,GCA_008679655.1_ASM867965v1_genomic_CDS_0596,EHA00531_bin.1_CDS_3014
47	4	GCA_008679655.1_ASM867965v1_genomic_CDS_0596,EHA00531_bin.1_CDS_3014,EHA00531_bin.1_CDS_3013	EHA00531_bin.1_CDS_1326,EHA00531_bin.1_CDS_1328,EHA00531_bin.1_CDS_1329
47	2	EHA00531_bin.1_CDS_1326,EHA00531_bin.1_CDS_1328,EHA00531_bin.1_CDS_1329	EHA00531_bin.1_CDS_3014,GCA_008679655.1_ASM867965v1_genomic_CDS_0596,EHA00531_bin.1_CDS_3013
47	44	GCA_008679655.1_ASM867965v1_genomic_CDS_0596,EHA00531_bin.1_CDS_3014,EHA00531_bin.1_CDS_3013	EHA00531_bin.1_CDS_1328,EHA00531_bin.1_CDS_1329,EHA00531_bin.1_CDS_1330
47	1	EHA00531_bin.1_CDS_3014,GCA_008679655.1_ASM867965v1_genomic_CDS_0596,EHA00531_bin.1_CDS_3013	EHA00531_bin.1_CDS_1328,EHA00531_bin.1_CDS_1329,EHA00531_bin.1_CDS_1330
53	53	EHA00531_bin.1_CDS_0321,EHA00531_bin.1_CDS_0320,EHA00531_bin.1_CDS_0319	GCA_959600655.1_SRR16280015_bin.44_MetaWRAP_v1.3_MAG_genomic_CDS_1623,EHA00531_bin.1_CDS_3512,EHA00531_bin.1_CDS_3513
71	51	EHA00531_bin.1_CDS_3290,EHA00531_bin.1_CDS_3291,EHA00531_bin.1_CDS_3292	EHA00531_bin.1_CDS_3153,GCA_022784765.1_ASM2278476v1_genomic_CDS_3940,EHA00531_bin.1_CDS_3155
71	2	EHA00531_bin.1_CDS_3290,EHA00531_bin.1_CDS_3291,EHA00531_bin.1_CDS_3292	GCA_015060925.1_ASM1506092v1_genomic_CDS_0242,EHA00531_bin.1_CDS_3153,GCA_022784765.1_ASM2278476v1_genomic_CDS_3940
19	51	EHA00531_bin.1_CDS_3768,EHA00531_bin.1_CDS_3767,EHA00531_bin.1_CDS_3766	EHA00531_bin.1_CDS_3774,EHA00531_bin.1_CDS_3775,EHA00531_bin.1_CDS_3776
19	1	EHA00531_bin.1_CDS_3774,EHA00531_bin.1_CDS_3775,EHA00531_bin.1_CDS_3776	EHA00531_bin.1_CDS_3768,EHA00531_bin.1_CDS_3766,EHA00531_bin.1_CDS_3765
31	51	EHA00928_bin.90_CDS_1654,EHA00531_bin.1_CDS_3495,EHA00531_bin.1_CDS_1370	EHA00928_bin.90_CDS_0441,EHA00531_bin.1_CDS_2708,EHA00539_bin.6_CDS_2158
31	1	EHA00928_bin.90_CDS_0441,EHA00531_bin.1_CDS_2708,EHA00539_bin.6_CDS_2158	EHA00928_bin.90_CDS_1654,EHA00531_bin.1_CDS_3495,EHA00531_bin.1_CDS_3495
52	42	EHA00928_bin.90_CDS_1401,EHA00531_bin.1_CDS_0995,EHA00531_bin.1_CDS_0996	EHA00531_bin.1_CDS_3447,EHA00531_bin.1_CDS_3448,EHA00531_bin.1_CDS_3449
52	10	EHA00531_bin.1_CDS_3340,EHA00928_bin.90_CDS_1401,EHA00531_bin.1_CDS_0995	EHA00531_bin.1_CDS_3447,EHA00531_bin.1_CDS_3448,EHA00531_bin.1_CDS_3449
40	9	EHA04680_bin.8_CDS_1066,EHA03306_bin.55_CDS_2322,EHA00539_bin.6_CDS_2675	EHA00531_bin.1_CDS_2395,EHA00535_bin.6_CDS_1396,EHA00531_bin.1_CDS_2397
40	38	EHA00531_bin.1_CDS_2395,EHA00535_bin.6_CDS_1396,EHA00531_bin.1_CDS_2397	EHA04680_bin.8_CDS_1066,EHA03306_bin.55_CDS_2322,EHA00726_bin.13_CDS_2879
40	1	EHA00531_bin.1_CDS_2395,EHA00535_bin.6_CDS_1396,EHA00531_bin.1_CDS_2397	EHA03306_bin.55_CDS_2322,EHA00539_bin.6_CDS_2675,EHA00531_bin.1_CDS_0135
40	2	EHA00531_bin.1_CDS_2395,EHA00535_bin.6_CDS_1396,EHA00531_bin.1_CDS_2397	EHA03306_bin.55_CDS_2322,EHA00726_bin.13_CDS_2879,EHA00539_bin.6_CDS_2675
30	46	EHA00531_bin.1_CDS_0184,EHA00531_bin.1_CDS_0185,EHA00535_bin.6_CDS_2516	EHA00535_bin.6_CDS_1715,EHA00531_bin.1_CDS_1550,EHA00535_bin.6_CDS_1717
30	2	EHA00535_bin.6_CDS_1715,EHA00531_bin.1_CDS_1550,EHA00535_bin.6_CDS_1717	EHA00531_bin.1_CDS_0184,EHA00531_bin.1_CDS_0184,EHA00531_bin.1_CDS_0185
30	1	EHA00535_bin.6_CDS_1715,EHA00535_bin.6_CDS_1715,EHA00531_bin.1_CDS_1550	EHA00531_bin.1_CDS_0184,EHA00531_bin.1_CDS_0185,EHA00535_bin.6_CDS_2516
54	7	EHA00531_bin.1_CDS_2342,EHA00531_bin.1_CDS_2341,EHA00531_bin.1_CDS_2335	EHA00531_bin.1_CDS_2377,EHA00531_bin.1_CDS_2378,EHA01281_bin.18_CDS_1398
54	42	EHA00531_bin.1_CDS_2342,EHA00531_bin.1_CDS_2341,EHA00531_bin.1_CDS_2335	EHA00531_bin.1_CDS_2374,EHA00531_bin.1_CDS_2377,EHA00531_bin.1_CDS_2378
55	29	EHA00531_bin.1_CDS_0991,EHA00531_bin.1_CDS_0990,EHA00531_bin.1_CDS_0988	EHA00539_bin.6_CDS_0602,EHA00531_bin.1_CDS_1203,EHA00539_bin.6_CDS_0600
55	11	EHA00531_bin.1_CDS_0991,EHA00531_bin.1_CDS_0990,EHA00531_bin.1_CDS_0988	EHA00531_bin.1_CDS_0277,EHA00539_bin.6_CDS_0602,EHA00531_bin.1_CDS_1203
55	9	EHA00531_bin.1_CDS_0277,EHA00539_bin.6_CDS_0602,EHA00539_bin.6_CDS_0602	EHA00531_bin.1_CDS_0991,EHA00531_bin.1_CDS_0990,EHA00531_bin.1_CDS_0988
72	46	GCF_003468605.1_ASM346860v1_genomic_CDS_0087,EHA00531_bin.1_CDS_3242,EHA01439_bin.44_CDS_0083	EHA00531_bin.1_CDS_0615,EHA00531_bin.1_CDS_0616,EHA00531_bin.1_CDS_0617
72	2	EHA00531_bin.1_CDS_0615,EHA00531_bin.1_CDS_0616,EHA00531_bin.1_CDS_0617	GCF_003468605.1_ASM346860v1_genomic_CDS_0087,GCF_003468605.1_ASM346860v1_genomic_CDS_0087,EHA00531_bin.1_CDS_3242
72	1	EHA00531_bin.1_CDS_0615,EHA00531_bin.1_CDS_0616,EHA00531_bin.1_CDS_0616	GCF_003468605.1_ASM346860v1_genomic_CDS_0087,GCF_003468605.1_ASM346860v1_genomic_CDS_0087,EHA00531_bin.1_CDS_3242
42	1	EHA00531_bin.1_CDS_2479,EHA00539_bin.6_CDS_1262,EHA00531_bin.1_CDS_0645	EHA00531_bin.1_CDS_2477,EHA00531_bin.1_CDS_2476,EHA00531_bin.1_CDS_2476
42	3	EHA00531_bin.1_CDS_2476,EHA00539_bin.6_CDS_1600,EHA00726_bin.13_CDS_0822	EHA00531_bin.1_CDS_2479,EHA00539_bin.6_CDS_1262,EHA00531_bin.1_CDS_0645
42	41	EHA00531_bin.1_CDS_2479,EHA00539_bin.6_CDS_1262,EHA00531_bin.1_CDS_0645	EHA00531_bin.1_CDS_2477,EHA00531_bin.1_CDS_2476,EHA00539_bin.6_CDS_1600
42	2	EHA00531_bin.1_CDS_2476,EHA00539_bin.6_CDS_1600,EHA00539_bin.6_CDS_1600	EHA00531_bin.1_CDS_2479,EHA00539_bin.6_CDS_1262,EHA00531_bin.1_CDS_0645
6	46	EHA00531_bin.1_CDS_2147,EHA00726_bin.13_CDS_1231,EHA00531_bin.1_CDS_2145	EHA00531_bin.1_CDS_2152,EHA00531_bin.1_CDS_2153,EHA00531_bin.1_CDS_2154
32	2	EHA00531_bin.1_CDS_0601,EHA00531_bin.1_CDS_0601,EHA00531_bin.1_CDS_0602	EHA00531_bin.1_CDS_0599,GCA_008680675.1_ASM868067v1_genomic_CDS_1615,EHA00531_bin.1_CDS_0597
32	42	EHA00531_bin.1_CDS_0599,GCA_008680675.1_ASM868067v1_genomic_CDS_1615,EHA00531_bin.1_CDS_0597	EHA00531_bin.1_CDS_0601,EHA00531_bin.1_CDS_0602,EHA00531_bin.1_CDS_0603
32	2	EHA00531_bin.1_CDS_0601,EHA00531_bin.1_CDS_0602,EHA00531_bin.1_CDS_0603	EHA00531_bin.1_CDS_0599,EHA00531_bin.1_CDS_0599,GCA_008680675.1_ASM868067v1_genomic_CDS_1615
126	45	EHA00535_bin.6_CDS_2561,EHA00531_bin.1_CDS_1722,GCA_958404515.1_ERR9492504_bin.8_MetaWRAP_v1.3_MAG_genomic_CDS_3267	GCF_001406015.1_14207_7_71_genomic_CDS_4159,EHA00531_bin.1_CDS_2213,EHA00531_bin.1_CDS_2212
33	44	EHA00531_bin.1_CDS_1648,EHA00531_bin.1_CDS_1647,EHA00531_bin.1_CDS_1646	EHA00531_bin.1_CDS_1650,EHA00531_bin.1_CDS_1651,EHA00531_bin.1_CDS_1652
50	1	EHA00531_bin.1_CDS_2946,EHA00531_bin.1_CDS_2947,EHA00531_bin.1_CDS_2948	EHA00531_bin.1_CDS_0607,EHA00531_bin.1_CDS_0606,EHA00531_bin.1_CDS_0606
50	1	EHA00531_bin.1_CDS_2946,EHA00531_bin.1_CDS_2947,EHA00531_bin.1_CDS_2947	EHA00531_bin.1_CDS_0607,EHA00531_bin.1_CDS_0606,EHA00531_bin.1_CDS_0605
50	40	EHA00531_bin.1_CDS_0607,EHA00531_bin.1_CDS_0606,EHA00531_bin.1_CDS_0605	EHA00531_bin.1_CDS_2946,EHA00531_bin.1_CDS_2947,EHA00531_bin.1_CDS_2948
36	7	EHA00531_bin.1_CDS_0554,EHA00531_bin.1_CDS_0555,EHA00531_bin.1_CDS_0557	EHA00531_bin.1_CDS_0553,EHA00539_bin.6_CDS_2318,EHA00531_bin.1_CDS_0551
36	33	EHA00531_bin.1_CDS_0553,EHA00539_bin.6_CDS_2318,EHA00531_bin.1_CDS_0551	EHA00531_bin.1_CDS_0554,EHA00531_bin.1_CDS_0555,EHA00531_bin.1_CDS_0556
49	1	EHA00531_bin.1_CDS_0389,EHA00535_bin.6_CDS_0363,EHA01845_bin.103_CDS_0769	EHA00531_bin.1_CDS_0387,EHA00531_bin.1_CDS_0386,EHA01845_bin.103_CDS_0636
49	39	EHA00531_bin.1_CDS_0387,EHA00531_bin.1_CDS_0386,EHA01845_bin.103_CDS_0636	EHA00531_bin.1_CDS_0388,EHA00531_bin.1_CDS_0389,EHA00535_bin.6_CDS_0363
45	1	EHA00531_bin.1_CDS_1638,EHA00535_bin.6_CDS_2853,EHA00535_bin.6_CDS_2852	EHA00531_bin.1_CDS_1633,EHA00531_bin.1_CDS_1632,EHA00531_bin.1_CDS_1631
45	38	EHA00531_bin.1_CDS_1633,EHA00531_bin.1_CDS_1632,EHA00531_bin.1_CDS_1631	EHA00726_bin.13_CDS_2641,EHA00531_bin.1_CDS_1638,EHA00535_bin.6_CDS_2853
0	38	EHA00531_bin.1_CDS_0698,EHA00531_bin.1_CDS_0697,EHA00531_bin.1_CDS_0694	EHA00531_bin.1_CDS_0717,EHA00531_bin.1_CDS_0718,EHA00531_bin.1_CDS_0719
2	36	GCF_001405935.1_13414_6_56_genomic_CDS_3838,EHA00531_bin.1_CDS_0448,EHA00531_bin.1_CDS_0447	GCA_022784765.1_ASM2278476v1_genomic_CDS_0204,GCA_003464145.1_ASM346414v1_genomic_CDS_0912,EHA00531_bin.1_CDS_0457
2	2	GCF_001405935.1_13414_6_56_genomic_CDS_3838,EHA00531_bin.1_CDS_0448,EHA00531_bin.1_CDS_0447	GCA_022784765.1_ASM2278476v1_genomic_CDS_0204,GCA_022784765.1_ASM2278476v1_genomic_CDS_0204,GCA_003464145.1_ASM346414v1_genomic_CDS_0912
34	28	EHA00531_bin.1_CDS_3084,EHA00531_bin.1_CDS_3085,EHA00539_bin.6_CDS_2402	EHA00531_bin.1_CDS_3081,EHA00531_bin.1_CDS_3080,EHA00535_bin.6_CDS_1169
34	10	EHA00531_bin.1_CDS_3081,EHA00531_bin.1_CDS_3080,EHA00535_bin.6_CDS_1169	GCA_015060925.1_ASM1506092v1_genomic_CDS_0678,EHA00531_bin.1_CDS_3084,EHA00531_bin.1_CDS_3085
61	35	GCF_001405935.1_13414_6_56_genomic_CDS_3424,GCA_959606485.1_SRR16244384_bin.5_MetaWRAP_v1.3_MAG_genomic_CDS_0684,EHA00531_bin.1_CDS_3009	EHA00531_bin.1_CDS_0963,GCA_958422645.1_ERR9762696_bin.1_MetaWRAP_v1.3_MAG_genomic_CDS_1141,EHA00531_bin.1_CDS_0961
10	12	EHA00531_bin.1_CDS_1390,EHA00531_bin.1_CDS_1389,EHA00531_bin.1_CDS_1388	EHA00531_bin.1_CDS_1399,EHA00531_bin.1_CDS_1400,EHA00531_bin.1_CDS_1401
10	1	EHA00531_bin.1_CDS_1390,EHA00531_bin.1_CDS_1389,EHA00531_bin.1_CDS_1389	EHA00531_bin.1_CDS_1400,EHA00531_bin.1_CDS_1401,EHA00531_bin.1_CDS_1402
10	1	EHA00531_bin.1_CDS_1399,EHA00531_bin.1_CDS_1400,EHA00531_bin.1_CDS_1401	EHA00531_bin.1_CDS_1389,EHA00531_bin.1_CDS_1388,EHA00531_bin.1_CDS_1387
10	20	EHA00531_bin.1_CDS_1390,EHA00531_bin.1_CDS_1389,EHA00531_bin.1_CDS_1388	EHA00531_bin.1_CDS_1400,EHA00531_bin.1_CDS_1401,EHA00531_bin.1_CDS_1402
37	34	EHA00531_bin.1_CDS_2556,EHA00531_bin.1_CDS_2555,EHA00531_bin.1_CDS_2554	EHA00535_bin.6_CDS_0775,EHA00531_bin.1_CDS_0907,EHA00531_bin.1_CDS_0908
46	34	EHA00531_bin.1_CDS_0757,EHA00535_bin.6_CDS_1494,EHA00535_bin.6_CDS_2030	EHA00531_bin.1_CDS_0755,EHA00531_bin.1_CDS_0754,EHA00531_bin.1_CDS_0753
87	7	GCF_018784195.1_ASM1878419v1_genomic_CDS_3123,EHA00531_bin.1_CDS_2320,EHA00535_bin.6_CDS_1958	GCA_015060925.1_ASM1506092v1_genomic_CDS_1018,EHA00531_bin.1_CDS_3235,EHA00531_bin.1_CDS_3236
87	27	EHA00531_bin.1_CDS_2320,EHA00535_bin.6_CDS_1958,EHA00535_bin.6_CDS_1960	GCA_015060925.1_ASM1506092v1_genomic_CDS_1018,EHA00531_bin.1_CDS_3235,EHA00531_bin.1_CDS_3236
25	26	EHA01634_bin.14_CDS_1647,EHA00531_bin.1_CDS_1595,EHA03349_bin.40_CDS_2050	EHA00531_bin.1_CDS_2545,EHA00531_bin.1_CDS_2544,GCA_015060925.1_ASM1506092v1_genomic_CDS_1593
25	7	EHA00531_bin.1_CDS_2545,EHA00531_bin.1_CDS_2544,GCA_015060925.1_ASM1506092v1_genomic_CDS_1593	EHA00531_bin.1_CDS_1595,EHA03349_bin.40_CDS_2050,EHA00531_bin.1_CDS_1597
35	5	EHA00535_bin.6_CDS_1476,EHA00535_bin.6_CDS_1475,EHA00531_bin.1_CDS_3754	EHA00531_bin.1_CDS_0234,EHA00531_bin.1_CDS_0233,EHA00531_bin.1_CDS_0232
35	1	EHA00531_bin.1_CDS_0237,EHA00531_bin.1_CDS_0234,EHA00531_bin.1_CDS_0233	EHA00726_bin.13_CDS_0530,EHA00535_bin.6_CDS_1476,EHA00535_bin.6_CDS_1475
35	1	EHA00531_bin.1_CDS_0237,EHA00531_bin.1_CDS_0234,EHA00531_bin.1_CDS_0233	EHA00535_bin.6_CDS_1476,EHA00535_bin.6_CDS_1475,EHA00531_bin.1_CDS_3754
35	26	EHA00531_bin.1_CDS_0234,EHA00531_bin.1_CDS_0233,EHA00531_bin.1_CDS_0232	EHA00726_bin.13_CDS_0530,EHA00535_bin.6_CDS_1476,EHA00535_bin.6_CDS_1475
39	29	EHA00726_bin.13_CDS_1984,GCF_001405935.1_13414_6_56_genomic_CDS_2045,EHA00531_bin.1_CDS_0257	EHA00726_bin.13_CDS_1941,EHA00531_bin.1_CDS_0415,EHA00539_bin.6_CDS_2056
39	4	EHA00726_bin.13_CDS_1941,EHA00531_bin.1_CDS_0415,EHA00539_bin.6_CDS_2056	EHA00726_bin.13_CDS_1984,GCF_001405935.1_13414_6_56_genomic_CDS_2045,GCF_001405935.1_13414_6_56_genomic_CDS_2045
75	30	EHA00535_bin.6_CDS_1292,EHA00531_bin.1_CDS_3052,GCA_015060925.1_ASM1506092v1_genomic_CDS_0109	EHA00531_bin.1_CDS_1319,EHA01439_bin.44_CDS_1143,EHA00531_bin.1_CDS_1321
75	1	EHA01439_bin.44_CDS_1143,EHA00531_bin.1_CDS_1321,EHA00535_bin.6_CDS_2449	EHA00535_bin.6_CDS_1292,EHA00531_bin.1_CDS_3052,GCA_015060925.1_ASM1506092v1_genomic_CDS_0109
75	1	EHA00535_bin.6_CDS_1292,EHA00531_bin.1_CDS_3052,GCA_015060925.1_ASM1506092v1_genomic_CDS_0109	EHA00531_bin.1_CDS_1319,EHA00531_bin.1_CDS_1319,EHA01439_bin.44_CDS_1143
77	29	EHA00531_bin.1_CDS_2766,EHA00531_bin.1_CDS_2765,EHA00726_bin.13_CDS_2830	EHA00531_bin.1_CDS_1456,EHA00531_bin.1_CDS_1457,EHA00531_bin.1_CDS_1458
77	1	EHA00531_bin.1_CDS_2766,EHA00531_bin.1_CDS_2765,GCA_959026225.1_SRR13494490_bin.7_MetaWRAP_v1.3_MAG_genomic_CDS_0333	EHA00531_bin.1_CDS_1456,EHA00531_bin.1_CDS_1457,EHA00531_bin.1_CDS_1458
78	28	EHA00726_bin.13_CDS_0330,EHA00531_bin.1_CDS_2166,EHA00531_bin.1_CDS_2165	EHA00726_bin.13_CDS_2714,EHA00539_bin.6_CDS_1613,EHA00531_bin.1_CDS_1282
129	27	EHA00726_bin.13_CDS_3103,EHA00531_bin.1_CDS_0472,EHA00531_bin.1_CDS_0473	EHA00539_bin.6_CDS_2080,EHA00726_bin.13_CDS_2311,EHA00531_bin.1_CDS_0905
129	1	EHA00539_bin.6_CDS_2080,EHA00531_bin.1_CDS_0905,EHA00531_bin.1_CDS_0904	EHA00726_bin.13_CDS_3103,EHA00531_bin.1_CDS_0472,EHA00531_bin.1_CDS_0473
48	27	EHA00531_bin.1_CDS_0381,EHA00531_bin.1_CDS_0382,EHA00531_bin.1_CDS_1085	GCF_003475725.1_ASM347572v1_genomic_CDS_3906,EHA00531_bin.1_CDS_2070,EHA00531_bin.1_CDS_2069
59	26	GCA_958445425.1_ERR9610044_bin.23_MetaWRAP_v1.3_MAG_genomic_CDS_0439,EHA00531_bin.1_CDS_2298,EHA00531_bin.1_CDS_2297	EHA00535_bin.6_CDS_1891,EHA00531_bin.1_CDS_2168,EHA00531_bin.1_CDS_2169
59	1	EHA00535_bin.6_CDS_1891,EHA00531_bin.1_CDS_2168,EHA00531_bin.1_CDS_2169	GCA_958445425.1_ERR9610044_bin.23_MetaWRAP_v1.3_MAG_genomic_CDS_0439,EHA00531_bin.1_CDS_2298,EHA03390_bin.20_CDS_1268
15	26	EHA00531_bin.1_CDS_3464,EHA00726_bin.13_CDS_0076,EHA00531_bin.1_CDS_3466	EHA00726_bin.13_CDS_0081,EHA00531_bin.1_CDS_3458,GCA_015060925.1_ASM1506092v1_genomic_CDS_1924
29	25	EHA00531_bin.1_CDS_0063,EHA00531_bin.1_CDS_0064,EHA00531_bin.1_CDS_0065	EHA00531_bin.1_CDS_1523,EHA00531_bin.1_CDS_1522,EHA00531_bin.1_CDS_1521
63	24	EHA00531_bin.1_CDS_1420,EHA00531_bin.1_CDS_1421,EHA00535_bin.6_CDS_0379	GCA_959026965.1_SRR20881986_bin.33_MetaWRAP_v1.3_MAG_genomic_CDS_2511,EHA00726_bin.13_CDS_3297,EHA00531_bin.1_CDS_1316
63	1	GCA_959026965.1_SRR20881986_bin.33_MetaWRAP_v1.3_MAG_genomic_CDS_2511,EHA00726_bin.13_CDS_3297,EHA00531_bin.1_CDS_1316	EHA00531_bin.1_CDS_1420,EHA00531_bin.1_CDS_1420,EHA00531_bin.1_CDS_1421
38	24	EHA00535_bin.6_CDS_0969,EHA00531_bin.1_CDS_1709,EHA00531_bin.1_CDS_1710	EHA00531_bin.1_CDS_3518,EHA00531_bin.1_CDS_3517,EHA00726_bin.13_CDS_1628
86	1	EHA00531_bin.1_CDS_1754,EHA00531_bin.1_CDS_1754,EHA00531_bin.1_CDS_1753	EHA00531_bin.1_CDS_1755,EHA00531_bin.1_CDS_1756,GCA_015060925.1_ASM1506092v1_genomic_CDS_1686
86	1	EHA00531_bin.1_CDS_1756,GCA_015060925.1_ASM1506092v1_genomic_CDS_1686,GCA_003464145.1_ASM346414v1_genomic_CDS_2114	EHA00531_bin.1_CDS_1754,EHA00531_bin.1_CDS_1753,EHA00531_bin.1_CDS_1752
86	22	EHA00531_bin.1_CDS_1755,EHA00531_bin.1_CDS_1756,GCA_015060925.1_ASM1506092v1_genomic_CDS_1686	EHA00531_bin.1_CDS_1754,EHA00531_bin.1_CDS_1753,EHA00531_bin.1_CDS_1752
100	23	EHA00531_bin.1_CDS_3648,EHA00531_bin.1_CDS_3649,EHA00539_bin.6_CDS_0461	EHA00535_bin.6_CDS_0915,EHA00531_bin.1_CDS_3050,GCA_015060925.1_ASM1506092v1_genomic_CDS_0109
100	1	EHA00531_bin.1_CDS_3648,EHA00531_bin.1_CDS_3649,EHA00726_bin.13_CDS_2926	EHA00535_bin.6_CDS_0915,EHA00531_bin.1_CDS_3050,GCA_015060925.1_ASM1506092v1_genomic_CDS_0109
96	23	GCA_014870645.1_ASM1487064v1_genomic_CDS_0642,EHA00531_bin.1_CDS_1324,EHA00531_bin.1_CDS_1323	EHA00531_bin.1_CDS_2470,EHA00531_bin.1_CDS_2471,EHA00531_bin.1_CDS_2472
1	22	EHA00531_bin.1_CDS_3747,EHA00531_bin.1_CDS_3748,EHA00531_bin.1_CDS_3749	EHA00531_bin.1_CDS_3739,EHA00726_bin.13_CDS_0822,EHA00539_bin.6_CDS_1600
57	22	EHA02500_bin.116_CDS_0410,EHA00531_bin.1_CDS_2042,EHA00531_bin.1_CDS_2043	GCA_015060925.1_ASM1506092v1_genomic_CDS_1866,EHA00531_bin.1_CDS_2039,EHA01958_bin.190_CDS_2639
178	22	EHA00531_bin.1_CDS_2237,EHA03288_bin.14_CDS_0850,EHA00531_bin.1_CDS_2239	EHA00531_bin.1_CDS_2380,EHA00531_bin.1_CDS_2951,EHA00531_bin.1_CDS_2950
9	21	GCA_009774835.1_ASM977483v1_genomic_CDS_0712,EHA00531_bin.1_CDS_0641,EHA00531_bin.1_CDS_0642	EHA00531_bin.1_CDS_0633,EHA00531_bin.1_CDS_0632,GCF_003469775.1_ASM346977v1_genomic_CDS_2733
27	21	EHA00531_bin.1_CDS_1400,EHA00531_bin.1_CDS_1401,EHA00531_bin.1_CDS_1402	EHA00531_bin.1_CDS_1397,EHA00531_bin.1_CDS_1394,EHA00531_bin.1_CDS_1390
104	1	EHA00531_bin.1_CDS_2448,EHA00531_bin.1_CDS_2447,EHA00531_bin.1_CDS_2446	EHA00531_bin.1_CDS_3399,EHA00531_bin.1_CDS_3399,EHA00531_bin.1_CDS_3397
104	16	EHA00531_bin.1_CDS_3399,EHA00726_bin.13_CDS_2420,EHA00531_bin.1_CDS_3397	EHA00531_bin.1_CDS_2448,EHA00531_bin.1_CDS_2447,EHA00531_bin.1_CDS_2446
104	2	EHA00531_bin.1_CDS_3399,EHA00531_bin.1_CDS_3397,EHA00535_bin.6_CDS_2171	EHA00531_bin.1_CDS_2448,EHA00531_bin.1_CDS_2447,EHA00531_bin.1_CDS_2446
104	2	EHA00531_bin.1_CDS_3397,EHA00535_bin.6_CDS_2171,EHA00531_bin.1_CDS_3040	EHA00531_bin.1_CDS_2448,EHA00531_bin.1_CDS_2447,EHA00531_bin.1_CDS_2446
66	1	EHA00531_bin.1_CDS_1113,EHA00531_bin.1_CDS_1114,EHA00531_bin.1_CDS_1115	EHA00531_bin.1_CDS_1111,EHA00531_bin.1_CDS_1110,EHA00531_bin.1_CDS_1109
66	19	EHA00531_bin.1_CDS_1111,EHA00531_bin.1_CDS_1110,EHA00531_bin.1_CDS_1109	EHA00531_bin.1_CDS_1112,EHA00531_bin.1_CDS_1113,EHA00531_bin.1_CDS_1114
69	1	EHA00531_bin.1_CDS_0381,EHA00531_bin.1_CDS_0382,EHA00531_bin.1_CDS_1085	EHA03376_bin.12_CDS_0463,EHA03376_bin.12_CDS_0463,EHA00531_bin.1_CDS_1031
69	4	EHA03376_bin.12_CDS_0463,EHA00531_bin.1_CDS_1031,GCF_003475725.1_ASM347572v1_genomic_CDS_3906	EHA00531_bin.1_CDS_0381,EHA00531_bin.1_CDS_0382,EHA00531_bin.1_CDS_1085
69	15	EHA00531_bin.1_CDS_0381,EHA00531_bin.1_CDS_0382,EHA00531_bin.1_CDS_1085	EHA03376_bin.12_CDS_0463,EHA00531_bin.1_CDS_1031,GCF_003474765.1_ASM347476v1_genomic_CDS_4074
60	19	EHA00531_bin.1_CDS_3205,GCF_001406015.1_14207_7_71_genomic_CDS_3938,EHA00531_bin.1_CDS_3207	EHA00531_bin.1_CDS_1078,EHA00531_bin.1_CDS_1079,EHA00531_bin.1_CDS_1080
79	18	EHA00531_bin.1_CDS_2942,EHA00531_bin.1_CDS_2943,GCA_958371025.1_SRR17798044_bin.10_MetaWRAP_v1.3_MAG_genomic_CDS_2596	EHA00539_bin.6_CDS_1752,EHA00531_bin.1_CDS_2935,EHA00726_bin.13_CDS_2815
79	1	EHA00531_bin.1_CDS_2942,EHA00531_bin.1_CDS_2943,GCA_958371025.1_SRR17798044_bin.10_MetaWRAP_v1.3_MAG_genomic_CDS_2596	EHA00539_bin.6_CDS_1752,EHA00539_bin.6_CDS_1752,EHA00531_bin.1_CDS_2935
99	2	EHA00531_bin.1_CDS_1269,GCA_958422645.1_ERR9762696_bin.1_MetaWRAP_v1.3_MAG_genomic_CDS_0762,EHA00531_bin.1_CDS_1271	EHA00531_bin.1_CDS_0976,EHA00531_bin.1_CDS_0976,EHA01958_bin.190_CDS_0650
99	17	EHA00531_bin.1_CDS_0976,EHA01958_bin.190_CDS_0650,EHA00531_bin.1_CDS_0974	EHA00531_bin.1_CDS_1269,GCA_958422645.1_ERR9762696_bin.1_MetaWRAP_v1.3_MAG_genomic_CDS_0762,EHA00531_bin.1_CDS_1271
144	19	EHA00531_bin.1_CDS_3127,EHA00531_bin.1_CDS_3126,EHA00531_bin.1_CDS_3125	EHA00531_bin.1_CDS_2687,EHA00531_bin.1_CDS_2686,EHA00531_bin.1_CDS_2685
7	18	GCA_008680675.1_ASM868067v1_genomic_CDS_0132,EHA00531_bin.1_CDS_2498,EHA00531_bin.1_CDS_2499	EHA00531_bin.1_CDS_2492,EHA00531_bin.1_CDS_2491,GCA_015060925.1_ASM1506092v1_genomic_CDS_2082
121	12	EHA00531_bin.1_CDS_3074,EHA01281_bin.18_CDS_1071,EHA00531_bin.1_CDS_3076	EHA00531_bin.1_CDS_1659,EHA00531_bin.1_CDS_1658,EHA00531_bin.1_CDS_1657
121	2	EHA00531_bin.1_CDS_3074,EHA00531_bin.1_CDS_3074,EHA01281_bin.18_CDS_1071	EHA00531_bin.1_CDS_1659,EHA00531_bin.1_CDS_1658,EHA00531_bin.1_CDS_1657
121	1	EHA00531_bin.1_CDS_3074,EHA01281_bin.18_CDS_1071,EHA00531_bin.1_CDS_3076	EHA00531_bin.1_CDS_1659,EHA00531_bin.1_CDS_1659,EHA00531_bin.1_CDS_1658
121	3	EHA00531_bin.1_CDS_1659,EHA00531_bin.1_CDS_1658,EHA00531_bin.1_CDS_1657	EHA01281_bin.18_CDS_1071,EHA00531_bin.1_CDS_3076,EHA01281_bin.18_CDS_1069
134	1	EHA00531_bin.1_CDS_3608,EHA00531_bin.1_CDS_3609,EHA00531_bin.1_CDS_3610	EHA01439_bin.44_CDS_2135,GCA_015060925.1_ASM1506092v1_genomic_CDS_1839,EHA00928_bin.90_CDS_2641
134	17	EHA01439_bin.44_CDS_2135,GCA_015060925.1_ASM1506092v1_genomic_CDS_1839,EHA00928_bin.90_CDS_2641	EHA00535_bin.6_CDS_2611,EHA00531_bin.1_CDS_3608,EHA00531_bin.1_CDS_3609
43	1	EHA00531_bin.1_CDS_1484,EHA00531_bin.1_CDS_1485,EHA00531_bin.1_CDS_1486	EHA00928_bin.90_CDS_2330,EHA00531_bin.1_CDS_1482,EHA00531_bin.1_CDS_1481
43	16	EHA00531_bin.1_CDS_1485,EHA00531_bin.1_CDS_1486,EHA00531_bin.1_CDS_1487	EHA00531_bin.1_CDS_1484,EHA00928_bin.90_CDS_2330,EHA00531_bin.1_CDS_1482
21	16	GCF_003467575.1_ASM346757v1_genomic_CDS_1505,EHA00531_bin.1_CDS_3088,EHA00539_bin.6_CDS_2403	EHA03390_bin.20_CDS_0553,EHA00531_bin.1_CDS_3091,EHA00531_bin.1_CDS_3092
67	16	EHA01281_bin.18_CDS_2607,EHA00531_bin.1_CDS_1861,EHA00531_bin.1_CDS_1862	EHA02500_bin.116_CDS_0137,EHA00726_bin.13_CDS_2703,GCA_014870645.1_ASM1487064v1_genomic_CDS_0584
122	16	EHA00531_bin.1_CDS_1437,EHA00531_bin.1_CDS_1438,EHA00531_bin.1_CDS_1439	EHA00531_bin.1_CDS_1429,EHA00535_bin.6_CDS_2787,EHA00531_bin.1_CDS_2874
4	15	EHA00531_bin.1_CDS_3526,EHA00531_bin.1_CDS_3525,EHA00531_bin.1_CDS_3524	EHA00531_bin.1_CDS_3532,EHA00531_bin.1_CDS_3533,EHA00539_bin.6_CDS_1019
14	7	EHA00531_bin.1_CDS_0400,EHA00531_bin.1_CDS_0401,EHA00531_bin.1_CDS_0402	EHA00535_bin.6_CDS_0368,EHA00726_bin.13_CDS_1884,EHA00539_bin.6_CDS_2596
14	7	EHA00539_bin.6_CDS_2596,EHA00531_bin.1_CDS_0392,EHA01845_bin.103_CDS_0769	EHA00531_bin.1_CDS_0400,EHA00531_bin.1_CDS_0401,EHA00531_bin.1_CDS_0402
14	1	EHA00535_bin.6_CDS_0368,EHA00539_bin.6_CDS_2596,EHA00531_bin.1_CDS_0392	EHA00531_bin.1_CDS_0400,EHA00531_bin.1_CDS_0401,EHA00531_bin.1_CDS_0402
70	15	EHA00531_bin.1_CDS_0191,EHA00531_bin.1_CDS_0192,EHA00531_bin.1_CDS_0193	EHA00535_bin.6_CDS_1715,EHA00531_bin.1_CDS_1550,EHA00535_bin.6_CDS_1717
112	15	EHA00531_bin.1_CDS_0658,EHA00539_bin.6_CDS_0372,EHA00531_bin.1_CDS_3437	EHA00531_bin.1_CDS_0665,EHA00726_bin.13_CDS_1342,EHA00726_bin.13_CDS_1343
157	15	EHA00531_bin.1_CDS_2722,EHA00531_bin.1_CDS_2723,EHA00531_bin.1_CDS_2724	EHA00531_bin.1_CDS_0548,GCA_008679285.1_ASM867928v1_genomic_CDS_0394,EHA00531_bin.1_CDS_0550
159	4	EHA00531_bin.1_CDS_0257,GCF_001405935.1_13414_6_56_genomic_CDS_2045,GCF_001405935.1_13414_6_56_genomic_CDS_2045	EHA00531_bin.1_CDS_0259,EHA00726_bin.13_CDS_1989,EHA00531_bin.1_CDS_1267
159	11	EHA00531_bin.1_CDS_0257,GCF_001405935.1_13414_6_56_genomic_CDS_2045,EHA00726_bin.13_CDS_1984	EHA00531_bin.1_CDS_0259,EHA00726_bin.13_CDS_1989,EHA00531_bin.1_CDS_1267
11	14	GCA_030839725.1_ASM3083972v1_genomic_CDS_2715,EHA00531_bin.1_CDS_0854,GCA_959606485.1_SRR16244384_bin.5_MetaWRAP_v1.3_MAG_genomic_CDS_3393	EHA00531_bin.1_CDS_0860,EHA00531_bin.1_CDS_0861,EHA00531_bin.1_CDS_0862
13	14	EHA00531_bin.1_CDS_1957,GCF_001406015.1_14207_7_71_genomic_CDS_1116,EHA00531_bin.1_CDS_1959	EHA00726_bin.13_CDS_3032,EHA00531_bin.1_CDS_1925,GCA_015060925.1_ASM1506092v1_genomic_CDS_1404
217	14	EHA00531_bin.1_CDS_0950,EHA00531_bin.1_CDS_0951,EHA00531_bin.1_CDS_2279	EHA00531_bin.1_CDS_3152,EHA00531_bin.1_CDS_3151,EHA00531_bin.1_CDS_3150
17	13	EHA00531_bin.1_CDS_2310,EHA00531_bin.1_CDS_2309,EHA00531_bin.1_CDS_2308	EHA00531_bin.1_CDS_2314,EHA00531_bin.1_CDS_2315,EHA00535_bin.6_CDS_0823
90	13	EHA00531_bin.1_CDS_2639,EHA00531_bin.1_CDS_2640,EHA00531_bin.1_CDS_2641	EHA00531_bin.1_CDS_3293,EHA00531_bin.1_CDS_3292,EHA00531_bin.1_CDS_3291
125	1	EHA00726_bin.13_CDS_2995,EHA00539_bin.6_CDS_2564,GCA_022776965.1_ASM2277696v1_genomic_CDS_2693	EHA00531_bin.1_CDS_3525,EHA00531_bin.1_CDS_3526,EHA00531_bin.1_CDS_3532
125	12	EHA00531_bin.1_CDS_3524,EHA00531_bin.1_CDS_3525,EHA00531_bin.1_CDS_3526	EHA00726_bin.13_CDS_2995,EHA00539_bin.6_CDS_2564,GCA_022776965.1_ASM2277696v1_genomic_CDS_2693
139	13	EHA00531_bin.1_CDS_1833,EHA00531_bin.1_CDS_1832,EHA00531_bin.1_CDS_1831	EHA00531_bin.1_CDS_3700,EHA00531_bin.1_CDS_3699,EHA00531_bin.1_CDS_3698
149	13	EHA00531_bin.1_CDS_2212,EHA00531_bin.1_CDS_2213,GCF_001406015.1_14207_7_71_genomic_CDS_4159	EHA00531_bin.1_CDS_0137,GCF_018292145.1_ASM1829214v1_genomic_CDS_2332,EHA00531_bin.1_CDS_0139
161	4	EHA04575_bin.10_CDS_1847,EHA00531_bin.1_CDS_3232,EHA00531_bin.1_CDS_3231	EHA00531_bin.1_CDS_0265,EHA00531_bin.1_CDS_0266,EHA00531_bin.1_CDS_0267
161	9	EHA04575_bin.10_CDS_1847,EHA00531_bin.1_CDS_3232,EHA00531_bin.1_CDS_3231	EHA00531_bin.1_CDS_0264,EHA00531_bin.1_CDS_0265,EHA00531_bin.1_CDS_0266
155	12	EHA00531_bin.1_CDS_0514,EHA00531_bin.1_CDS_0515,GCA_003464145.1_ASM346414v1_genomic_CDS_4240	EHA00531_bin.1_CDS_0053,EHA00531_bin.1_CDS_0052,EHA00531_bin.1_CDS_0051
160	12	EHA00531_bin.1_CDS_0787,GCF_003474765.1_ASM347476v1_genomic_CDS_0212,EHA00531_bin.1_CDS_0785	EHA00531_bin.1_CDS_2906,EHA00531_bin.1_CDS_2907,EHA00531_bin.1_CDS_2908
175	12	EHA00531_bin.1_CDS_0331,GCA_015060925.1_ASM1506092v1_genomic_CDS_1115,EHA00928_bin.90_CDS_0793	EHA00531_bin.1_CDS_0329,EHA00539_bin.6_CDS_0622,EHA00531_bin.1_CDS_0327
3	11	EHA00531_bin.1_CDS_2377,EHA00531_bin.1_CDS_2378,EHA01281_bin.18_CDS_1398	EHA00531_bin.1_CDS_2335,EHA00531_bin.1_CDS_2334,EHA00531_bin.1_CDS_2333
80	2	EHA00531_bin.1_CDS_3009,EHA00531_bin.1_CDS_3010,EHA00531_bin.1_CDS_3011	GCA_958422645.1_ERR9762696_bin.1_MetaWRAP_v1.3_MAG_genomic_CDS_1141,EHA00531_bin.1_CDS_0961,EHA00531_bin.1_CDS_0960
80	9	EHA00531_bin.1_CDS_0963,GCA_958422645.1_ERR9762696_bin.1_MetaWRAP_v1.3_MAG_genomic_CDS_1141,EHA00531_bin.1_CDS_0961	EHA00531_bin.1_CDS_3009,EHA00531_bin.1_CDS_3010,EHA00531_bin.1_CDS_3011
174	11	EHA00531_bin.1_CDS_0426,EHA00531_bin.1_CDS_0425,EHA00531_bin.1_CDS_0424	EHA00531_bin.1_CDS_1819,EHA03288_bin.14_CDS_3521,EHA00531_bin.1_CDS_1817
177	1	EHA00531_bin.1_CDS_1495,EHA00531_bin.1_CDS_1496,GCA_958404515.1_ERR9492504_bin.8_MetaWRAP_v1.3_MAG_genomic_CDS_1651	EHA00531_bin.1_CDS_1493,EHA00531_bin.1_CDS_1492,EHA00531_bin.1_CDS_1491
177	8	EHA00531_bin.1_CDS_1493,EHA00531_bin.1_CDS_1492,EHA00531_bin.1_CDS_1491	EHA00531_bin.1_CDS_1496,GCA_958404515.1_ERR9492504_bin.8_MetaWRAP_v1.3_MAG_genomic_CDS_1651,EHA00535_bin.6_CDS_1830
177	2	EHA00531_bin.1_CDS_1496,GCA_958404515.1_ERR9492504_bin.8_MetaWRAP_v1.3_MAG_genomic_CDS_1651,EHA00535_bin.6_CDS_1830	EHA00531_bin.1_CDS_1494,EHA00531_bin.1_CDS_1493,EHA00531_bin.1_CDS_1492
12	10	EHA00531_bin.1_CDS_1523,EHA00531_bin.1_CDS_1522,EHA00531_bin.1_CDS_1521	EHA03349_bin.40_CDS_2366,EHA01634_bin.14_CDS_0665,EHA00531_bin.1_CDS_1546
93	10	EHA00531_bin.1_CDS_3064,EHA00531_bin.1_CDS_3063,GCA_958445425.1_ERR9610044_bin.23_MetaWRAP_v1.3_MAG_genomic_CDS_2318	EHA00531_bin.1_CDS_2674,EHA00531_bin.1_CDS_2673,EHA00531_bin.1_CDS_2672
101	1	GCA_958413795.1_ERR9578301_bin.6_MetaWRAP_v1.3_MAG_genomic_CDS_0826,EHA00531_bin.1_CDS_1875,EHA00531_bin.1_CDS_1874	EHA00531_bin.1_CDS_0764,EHA01958_bin.190_CDS_1999,EHA00726_bin.13_CDS_3182
101	2	EHA00531_bin.1_CDS_1875,EHA00531_bin.1_CDS_1874,GCA_015060925.1_ASM1506092v1_genomic_CDS_0084	EHA00531_bin.1_CDS_0764,EHA01958_bin.190_CDS_1999,EHA00726_bin.13_CDS_3182
101	5	GCA_958413795.1_ERR9578301_bin.6_MetaWRAP_v1.3_MAG_genomic_CDS_0826,EHA00531_bin.1_CDS_1875,EHA00531_bin.1_CDS_1874	GCA_008679655.1_ASM867965v1_genomic_CDS_3027,EHA00531_bin.1_CDS_0764,EHA01958_bin.190_CDS_1999
101	2	GCA_008679655.1_ASM867965v1_genomic_CDS_3027,EHA00531_bin.1_CDS_0764,EHA01958_bin.190_CDS_1999	EHA00531_bin.1_CDS_1875,EHA00531_bin.1_CDS_1874,GCA_015060925.1_ASM1506092v1_genomic_CDS_0084
105	10	EHA00531_bin.1_CDS_0955,EHA00531_bin.1_CDS_0956,EHA00531_bin.1_CDS_0957	EHA00531_bin.1_CDS_0954,EHA03288_bin.14_CDS_2558,GCA_958416015.1_ERR10960865_bin.15_MetaWRAP_v1.3_MAG_genomic_CDS_0571
115	10	EHA00531_bin.1_CDS_1765,GCA_015060925.1_ASM1506092v1_genomic_CDS_1690,EHA00928_bin.90_CDS_2799	GCA_003464145.1_ASM346414v1_genomic_CDS_2114,GCA_015060925.1_ASM1506092v1_genomic_CDS_1686,EHA00531_bin.1_CDS_1756
20	9	EHA00531_bin.1_CDS_3202,EHA00531_bin.1_CDS_3201,EHA00531_bin.1_CDS_3200	EHA00531_bin.1_CDS_3876,GCA_015060925.1_ASM1506092v1_genomic_CDS_0162,EHA00531_bin.1_CDS_3874
107	4	EHA00531_bin.1_CDS_2649,EHA00531_bin.1_CDS_2649,EHA00531_bin.1_CDS_2648	EHA00531_bin.1_CDS_2652,EHA00531_bin.1_CDS_2653,EHA00531_bin.1_CDS_2654
107	5	EHA00531_bin.1_CDS_2652,EHA00531_bin.1_CDS_2653,EHA00531_bin.1_CDS_2654	EHA00531_bin.1_CDS_2649,EHA00531_bin.1_CDS_2648,EHA00531_bin.1_CDS_2647
114	9	EHA00539_bin.6_CDS_2426,EHA00531_bin.1_CDS_0373,EHA00539_bin.6_CDS_2428	EHA00535_bin.6_CDS_0237,EHA00535_bin.6_CDS_0236,EHA00531_bin.1_CDS_3092
152	2	EHA00531_bin.1_CDS_1677,GCA_958413795.1_ERR9578301_bin.6_MetaWRAP_v1.3_MAG_genomic_CDS_2777,EHA00531_bin.1_CDS_1675	EHA00531_bin.1_CDS_1679,EHA00531_bin.1_CDS_1680,EHA00531_bin.1_CDS_1681
152	7	EHA00531_bin.1_CDS_1678,EHA00531_bin.1_CDS_1677,GCA_958413795.1_ERR9578301_bin.6_MetaWRAP_v1.3_MAG_genomic_CDS_2777	EHA00531_bin.1_CDS_1679,EHA00531_bin.1_CDS_1680,EHA00531_bin.1_CDS_1681
172	8	GCA_003464145.1_ASM346414v1_genomic_CDS_2114,GCA_015060925.1_ASM1506092v1_genomic_CDS_1686,EHA00531_bin.1_CDS_1756	EHA00928_bin.90_CDS_2799,GCF_003469775.1_ASM346977v1_genomic_CDS_4084,EHA00531_bin.1_CDS_2155
172	1	GCA_003464145.1_ASM346414v1_genomic_CDS_2114,GCA_015060925.1_ASM1506092v1_genomic_CDS_1686,EHA00531_bin.1_CDS_1756	EHA00928_bin.90_CDS_2799,GCF_003469775.1_ASM346977v1_genomic_CDS_4084,GCF_003469775.1_ASM346977v1_genomic_CDS_4084
91	3	GCA_015060925.1_ASM1506092v1_genomic_CDS_0735,EHA00531_bin.1_CDS_0366,EHA00531_bin.1_CDS_0365	EHA00531_bin.1_CDS_3396,EHA00531_bin.1_CDS_3395,EHA00531_bin.1_CDS_3394
91	1	EHA00531_bin.1_CDS_0366,EHA00531_bin.1_CDS_0365,EHA00531_bin.1_CDS_0364	EHA00535_bin.6_CDS_2556,EHA00531_bin.1_CDS_3396,EHA00531_bin.1_CDS_3395
91	4	GCA_015060925.1_ASM1506092v1_genomic_CDS_0735,EHA00531_bin.1_CDS_0366,EHA00531_bin.1_CDS_0365	EHA00535_bin.6_CDS_2556,EHA00531_bin.1_CDS_3396,EHA00531_bin.1_CDS_3395
119	8	EHA00531_bin.1_CDS_0736,EHA00531_bin.1_CDS_0735,GCA_015060925.1_ASM1506092v1_genomic_CDS_0041	EHA00535_bin.6_CDS_0518,EHA00531_bin.1_CDS_0201,EHA00531_bin.1_CDS_0200
141	1	EHA00531_bin.1_CDS_3435,EHA00535_bin.6_CDS_2433,EHA00531_bin.1_CDS_3432	EHA00531_bin.1_CDS_0468,EHA00531_bin.1_CDS_0467,EHA00531_bin.1_CDS_0466
141	7	EHA00531_bin.1_CDS_0468,EHA00531_bin.1_CDS_0467,EHA00531_bin.1_CDS_0466	EHA00531_bin.1_CDS_3435,EHA00535_bin.6_CDS_2433,EHA00531_bin.1_CDS_3433
218	8	EHA00531_bin.1_CDS_2843,EHA00531_bin.1_CDS_2844,EHA00531_bin.1_CDS_2845	EHA00531_bin.1_CDS_2842,GCF_003469775.1_ASM346977v1_genomic_CDS_3590,EHA00531_bin.1_CDS_2840
260	8	EHA03349_bin.40_CDS_2366,EHA01634_bin.14_CDS_0665,EHA00531_bin.1_CDS_1546	EHA00539_bin.6_CDS_1851,EHA00726_bin.13_CDS_0993,EHA00726_bin.13_CDS_0994
5	7	EHA00531_bin.1_CDS_1294,EHA00531_bin.1_CDS_1293,EHA00531_bin.1_CDS_1292	EHA00531_bin.1_CDS_1312,EHA00535_bin.6_CDS_1979,GCA_958371025.1_SRR17798044_bin.10_MetaWRAP_v1.3_MAG_genomic_CDS_2596
84	7	EHA00531_bin.1_CDS_0658,EHA00539_bin.6_CDS_0372,EHA00531_bin.1_CDS_3437	EHA00726_bin.13_CDS_1343,EHA00531_bin.1_CDS_0668,EHA00531_bin.1_CDS_0669
143	7	EHA00531_bin.1_CDS_2847,EHA00531_bin.1_CDS_2848,EHA00531_bin.1_CDS_2849	EHA00539_bin.6_CDS_1329,EHA00531_bin.1_CDS_2845,EHA00531_bin.1_CDS_2844
164	7	EHA00531_bin.1_CDS_3625,EHA00531_bin.1_CDS_3624,EHA00531_bin.1_CDS_3623	EHA00539_bin.6_CDS_2185,EHA00531_bin.1_CDS_3341,EHA01202_bin.66_CDS_2491
219	7	EHA00535_bin.6_CDS_2852,EHA00535_bin.6_CDS_2853,EHA00531_bin.1_CDS_1638	EHA00531_bin.1_CDS_0026,EHA00531_bin.1_CDS_0025,EHA00531_bin.1_CDS_0024
92	1	EHA03390_bin.20_CDS_0956,EHA00535_bin.6_CDS_2616,EHA00531_bin.1_CDS_2235	EHA00531_bin.1_CDS_1370,EHA00726_bin.13_CDS_2783,EHA00531_bin.1_CDS_1368
92	1	EHA00531_bin.1_CDS_3495,EHA00531_bin.1_CDS_1370,EHA00726_bin.13_CDS_2783	EHA03390_bin.20_CDS_0956,EHA00535_bin.6_CDS_2616,EHA00531_bin.1_CDS_2235
92	1	EHA00928_bin.90_CDS_1654,EHA00531_bin.1_CDS_3495,EHA00531_bin.1_CDS_1370	EHA00535_bin.6_CDS_2616,EHA00531_bin.1_CDS_2235,EHA00531_bin.1_CDS_2234
92	3	EHA00928_bin.90_CDS_1654,EHA00531_bin.1_CDS_3495,EHA00531_bin.1_CDS_1370	EHA03390_bin.20_CDS_0956,EHA00535_bin.6_CDS_2616,EHA00531_bin.1_CDS_2235
108	1	EHA00531_bin.1_CDS_0024,EHA00531_bin.1_CDS_0025,EHA00531_bin.1_CDS_0026	EHA00539_bin.6_CDS_0094,EHA03390_bin.20_CDS_1387,EHA00531_bin.1_CDS_2301
108	1	EHA03390_bin.20_CDS_1387,EHA00531_bin.1_CDS_2301,EHA00531_bin.1_CDS_2302	EHA00539_bin.6_CDS_0094,EHA00726_bin.13_CDS_2650,EHA00531_bin.1_CDS_0024
108	4	EHA03390_bin.20_CDS_1387,EHA00531_bin.1_CDS_2301,EHA00531_bin.1_CDS_2302	EHA00726_bin.13_CDS_2650,EHA00531_bin.1_CDS_0024,EHA00531_bin.1_CDS_0025
110	6	EHA00531_bin.1_CDS_2434,EHA00531_bin.1_CDS_2435,EHA00531_bin.1_CDS_2436	EHA00531_bin.1_CDS_1449,EHA00531_bin.1_CDS_1450,EHA00531_bin.1_CDS_1451
113	6	EHA00539_bin.6_CDS_0596,EHA00531_bin.1_CDS_1199,EHA01281_bin.18_CDS_1585	EHA00531_bin.1_CDS_1315,EHA00531_bin.1_CDS_1316,EHA00726_bin.13_CDS_3297
130	6	EHA00531_bin.1_CDS_1193,EHA00531_bin.1_CDS_1194,EHA00531_bin.1_CDS_1195	EHA00531_bin.1_CDS_1189,EHA00531_bin.1_CDS_1188,EHA00531_bin.1_CDS_1187
145	6	EHA00531_bin.1_CDS_1892,EHA00531_bin.1_CDS_1893,EHA00531_bin.1_CDS_1894	EHA00531_bin.1_CDS_1054,EHA00531_bin.1_CDS_1053,EHA00531_bin.1_CDS_1052
158	4	EHA00531_bin.1_CDS_3074,EHA01281_bin.18_CDS_1071,EHA00531_bin.1_CDS_3076	EHA00531_bin.1_CDS_1657,EHA00531_bin.1_CDS_1658,EHA00531_bin.1_CDS_1659
158	1	EHA00531_bin.1_CDS_1657,EHA00531_bin.1_CDS_1658,EHA00531_bin.1_CDS_1659	EHA01281_bin.18_CDS_1071,EHA00531_bin.1_CDS_3076,EHA01281_bin.18_CDS_1069
158	1	EHA00531_bin.1_CDS_3074,EHA00531_bin.1_CDS_3074,EHA01281_bin.18_CDS_1071	EHA00531_bin.1_CDS_1657,EHA00531_bin.1_CDS_1658,EHA00531_bin.1_CDS_1659
162	6	EHA00531_bin.1_CDS_2519,EHA00726_bin.13_CDS_1611,EHA00531_bin.1_CDS_1717	EHA00726_bin.13_CDS_1606,EHA00928_bin.90_CDS_1609,EHA00531_bin.1_CDS_2526
230	6	EHA04680_bin.8_CDS_4044,EHA00531_bin.1_CDS_1747,EHA00531_bin.1_CDS_1748	EHA00531_bin.1_CDS_0698,EHA00531_bin.1_CDS_0697,EHA00531_bin.1_CDS_0694
73	5	GCA_958422645.1_ERR9762696_bin.1_MetaWRAP_v1.3_MAG_genomic_CDS_0671,EHA00531_bin.1_CDS_0676,EHA00531_bin.1_CDS_0677	EHA00531_bin.1_CDS_0674,EHA00531_bin.1_CDS_0673,EHA00531_bin.1_CDS_0672
88	5	EHA00531_bin.1_CDS_1963,EHA00531_bin.1_CDS_1962,EHA00531_bin.1_CDS_1961	EHA00531_bin.1_CDS_1512,EHA00535_bin.6_CDS_2205,EHA00531_bin.1_CDS_1510
89	2	EHA00531_bin.1_CDS_3390,EHA00531_bin.1_CDS_3391,EHA00531_bin.1_CDS_3392	EHA00531_bin.1_CDS_3387,EHA00535_bin.6_CDS_1647,EHA00531_bin.1_CDS_3385
89	3	EHA00531_bin.1_CDS_3391,EHA00531_bin.1_CDS_3392,EHA00531_bin.1_CDS_3393	EHA00531_bin.1_CDS_3387,EHA00535_bin.6_CDS_1647,EHA00531_bin.1_CDS_3385
95	3	EHA00531_bin.1_CDS_2258,EHA00531_bin.1_CDS_2259,EHA00531_bin.1_CDS_2260	EHA00531_bin.1_CDS_2256,EHA00539_bin.6_CDS_2062,EHA00531_bin.1_CDS_2254
95	2	EHA00531_bin.1_CDS_2258,EHA00531_bin.1_CDS_2259,EHA00531_bin.1_CDS_2260	GCA_958413795.1_ERR9578301_bin.6_MetaWRAP_v1.3_MAG_genomic_CDS_2717,EHA00531_bin.1_CDS_2256,EHA00539_bin.6_CDS_2062
116	5	EHA00531_bin.1_CDS_2556,EHA00531_bin.1_CDS_2555,EHA00531_bin.1_CDS_2554	EHA00531_bin.1_CDS_0911,EHA00531_bin.1_CDS_0912,EHA00531_bin.1_CDS_0913
124	5	GCA_958404515.1_ERR9492504_bin.8_MetaWRAP_v1.3_MAG_genomic_CDS_2648,EHA00531_bin.1_CDS_2865,EHA00531_bin.1_CDS_2864	EHA00531_bin.1_CDS_1187,EHA00531_bin.1_CDS_1186,EHA00531_bin.1_CDS_1185
138	1	EHA00531_bin.1_CDS_1790,EHA00531_bin.1_CDS_1791,EHA00539_bin.6_CDS_1292	GCF_003469775.1_ASM346977v1_genomic_CDS_2733,GCF_003469775.1_ASM346977v1_genomic_CDS_2733,EHA00531_bin.1_CDS_0632
138	4	GCF_003469775.1_ASM346977v1_genomic_CDS_2733,EHA00531_bin.1_CDS_0632,EHA00531_bin.1_CDS_0633	EHA00531_bin.1_CDS_1790,EHA00531_bin.1_CDS_1791,EHA00539_bin.6_CDS_1292
146	5	EHA00531_bin.1_CDS_0283,EHA00531_bin.1_CDS_0284,EHA00531_bin.1_CDS_0285	EHA00539_bin.6_CDS_1177,EHA00531_bin.1_CDS_0281,GCA_958404515.1_ERR9492504_bin.8_MetaWRAP_v1.3_MAG_genomic_CDS_2105
168	1	EHA00531_bin.1_CDS_0019,EHA00531_bin.1_CDS_0018,EHA00531_bin.1_CDS_0017	EHA00531_bin.1_CDS_2049,EHA00531_bin.1_CDS_2048,EHA00928_bin.90_CDS_2013
168	4	EHA00531_bin.1_CDS_0019,EHA00531_bin.1_CDS_0018,EHA00531_bin.1_CDS_0017	EHA00531_bin.1_CDS_2049,EHA00531_bin.1_CDS_2048,EHA00531_bin.1_CDS_2047
290	3	EHA00531_bin.1_CDS_3589,EHA00531_bin.1_CDS_3588,EHA00531_bin.1_CDS_3587	EHA00531_bin.1_CDS_3248,EHA00531_bin.1_CDS_0049,EHA00531_bin.1_CDS_0048
290	1	EHA00531_bin.1_CDS_0049,EHA00531_bin.1_CDS_0048,EHA00531_bin.1_CDS_0047	EHA00531_bin.1_CDS_3248,EHA00531_bin.1_CDS_3589,EHA00531_bin.1_CDS_3588
290	1	EHA00531_bin.1_CDS_0049,EHA00531_bin.1_CDS_0048,EHA00531_bin.1_CDS_0047	EHA00531_bin.1_CDS_3589,EHA00531_bin.1_CDS_3588,EHA00531_bin.1_CDS_3587
64	4	EHA00531_bin.1_CDS_3822,EHA00531_bin.1_CDS_3823,EHA00531_bin.1_CDS_3824	EHA00531_bin.1_CDS_3820,EHA01634_bin.14_CDS_2190,EHA00531_bin.1_CDS_3818
117	1	EHA00535_bin.6_CDS_1006,EHA00531_bin.1_CDS_1643,EHA00531_bin.1_CDS_1644	EHA00531_bin.1_CDS_1445,EHA00531_bin.1_CDS_1445,EHA00531_bin.1_CDS_1444
117	3	EHA00535_bin.6_CDS_1006,EHA00531_bin.1_CDS_1643,EHA00531_bin.1_CDS_1644	EHA00531_bin.1_CDS_1445,EHA00531_bin.1_CDS_1444,EHA00531_bin.1_CDS_1443
118	4	EHA00531_bin.1_CDS_1282,EHA00531_bin.1_CDS_1281,EHA00535_bin.6_CDS_2332	EHA00726_bin.13_CDS_0330,EHA00531_bin.1_CDS_2166,EHA00531_bin.1_CDS_2165
151	4	EHA04680_bin.8_CDS_0828,EHA00531_bin.1_CDS_2668,EHA00535_bin.6_CDS_0426	EHA00539_bin.6_CDS_1151,EHA00531_bin.1_CDS_2893,GCA_958447325.1_ERR4316497_bin.13_MetaWRAP_v1.3_MAG_genomic_CDS_1107
167	4	EHA00531_bin.1_CDS_1174,EHA00531_bin.1_CDS_1173,EHA00531_bin.1_CDS_1172	EHA00531_bin.1_CDS_1175,EHA00531_bin.1_CDS_1176,EHA00531_bin.1_CDS_1177
170	4	EHA00726_bin.13_CDS_2367,EHA00531_bin.1_CDS_1901,EHA00539_bin.6_CDS_0930	EHA00726_bin.13_CDS_3136,EHA00726_bin.13_CDS_3135,EHA00531_bin.1_CDS_3289
176	1	EHA03376_bin.12_CDS_3063,EHA00531_bin.1_CDS_1288,EHA00531_bin.1_CDS_1289	EHA00726_bin.13_CDS_2795,EHA00531_bin.1_CDS_0004,EHA00539_bin.6_CDS_2496
176	3	EHA03376_bin.12_CDS_3063,EHA00531_bin.1_CDS_1288,EHA00531_bin.1_CDS_1289	EHA00726_bin.13_CDS_2795,EHA00539_bin.6_CDS_2493,EHA00531_bin.1_CDS_0004
221	4	EHA00531_bin.1_CDS_3208,EHA00531_bin.1_CDS_3207,GCF_001406015.1_14207_7_71_genomic_CDS_3938	GCA_959606485.1_SRR16244384_bin.5_MetaWRAP_v1.3_MAG_genomic_CDS_0736,EHA00531_bin.1_CDS_3213,EHA00531_bin.1_CDS_3214
232	4	EHA00531_bin.1_CDS_3890,EHA00531_bin.1_CDS_3889,EHA00531_bin.1_CDS_3888	EHA00531_bin.1_CDS_3893,EHA00531_bin.1_CDS_3894,EHA00531_bin.1_CDS_3895
283	4	EHA00531_bin.1_CDS_0782,EHA00531_bin.1_CDS_0783,EHA00531_bin.1_CDS_0784	EHA00531_bin.1_CDS_0781,EHA00531_bin.1_CDS_0780,EHA00531_bin.1_CDS_0779
62	3	EHA00531_bin.1_CDS_0371,EHA00531_bin.1_CDS_0372,EHA00531_bin.1_CDS_0213	EHA00539_bin.6_CDS_2211,EHA00531_bin.1_CDS_1977,EHA00531_bin.1_CDS_1978
65	3	GCA_958416015.1_ERR10960865_bin.15_MetaWRAP_v1.3_MAG_genomic_CDS_2487,EHA01634_bin.14_CDS_0615,EHA00531_bin.1_CDS_2795	EHA00531_bin.1_CDS_0517,GCA_003464145.1_ASM346414v1_genomic_CDS_4240,EHA00531_bin.1_CDS_0515
74	3	EHA00531_bin.1_CDS_0350,EHA00531_bin.1_CDS_0349,EHA00539_bin.6_CDS_1520	EHA03376_bin.12_CDS_3760,EHA00531_bin.1_CDS_0352,EHA00531_bin.1_CDS_3803
83	3	EHA00531_bin.1_CDS_2250,EHA00531_bin.1_CDS_2249,EHA00535_bin.6_CDS_1427	EHA00539_bin.6_CDS_2062,EHA00531_bin.1_CDS_2256,GCA_958413795.1_ERR9578301_bin.6_MetaWRAP_v1.3_MAG_genomic_CDS_2717
85	3	EHA00531_bin.1_CDS_1282,EHA00531_bin.1_CDS_1281,EHA00535_bin.6_CDS_2332	EHA00539_bin.6_CDS_1613,EHA00726_bin.13_CDS_2714,EHA00726_bin.13_CDS_0330
127	3	EHA00531_bin.1_CDS_1555,GCA_008680675.1_ASM868067v1_genomic_CDS_0372,GCA_008679655.1_ASM867965v1_genomic_CDS_0844	EHA03161_bin.52_CDS_1037,EHA00531_bin.1_CDS_0013,EHA00531_bin.1_CDS_0014
132	1	EHA00531_bin.1_CDS_1598,EHA00531_bin.1_CDS_1598,EHA00531_bin.1_CDS_1597	EHA00531_bin.1_CDS_1599,GCA_020809955.1_ASM2080995v1_genomic_CDS_1521,GCA_015060925.1_ASM1506092v1_genomic_CDS_1669
132	2	EHA00531_bin.1_CDS_1598,EHA00531_bin.1_CDS_1597,EHA03349_bin.40_CDS_2050	EHA00531_bin.1_CDS_1599,GCA_020809955.1_ASM2080995v1_genomic_CDS_1521,GCA_015060925.1_ASM1506092v1_genomic_CDS_1669
153	1	EHA00531_bin.1_CDS_3537,EHA00531_bin.1_CDS_3536,EHA00539_bin.6_CDS_1019	EHA00531_bin.1_CDS_3537,EHA00531_bin.1_CDS_3538,EHA00531_bin.1_CDS_3539
153	2	EHA00531_bin.1_CDS_3537,EHA00531_bin.1_CDS_3536,EHA00539_bin.6_CDS_1019	EHA00531_bin.1_CDS_3538,EHA00531_bin.1_CDS_3539,EHA00531_bin.1_CDS_3540
169	3	EHA00531_bin.1_CDS_0586,GCF_018587995.1_ASM1858799v1_genomic_CDS_1931,EHA00531_bin.1_CDS_0588	GCA_959606485.1_SRR16244384_bin.5_MetaWRAP_v1.3_MAG_genomic_CDS_1111,EHA01634_bin.14_CDS_1013,GCA_958440685.1_ERR4918969_bin.9_MetaWRAP_v1.3_MAG_genomic_CDS_0169
223	3	EHA00531_bin.1_CDS_0063,EHA00531_bin.1_CDS_0064,EHA00531_bin.1_CDS_0065	EHA00539_bin.6_CDS_1851,EHA00726_bin.13_CDS_0993,EHA00726_bin.13_CDS_0994
228	1	EHA00531_bin.1_CDS_2484,EHA00531_bin.1_CDS_2485,EHA00531_bin.1_CDS_2486	EHA00531_bin.1_CDS_2482,EHA00539_bin.6_CDS_2257,EHA00531_bin.1_CDS_3037
228	2	EHA00531_bin.1_CDS_2484,EHA00531_bin.1_CDS_2485,EHA00531_bin.1_CDS_2486	EHA00531_bin.1_CDS_2483,EHA00531_bin.1_CDS_2482,EHA00539_bin.6_CDS_2257
238	3	EHA00531_bin.1_CDS_2130,EHA00531_bin.1_CDS_2131,EHA00531_bin.1_CDS_2132	EHA00531_bin.1_CDS_2119,EHA00531_bin.1_CDS_2118,EHA00531_bin.1_CDS_2117
245	3	EHA00531_bin.1_CDS_0474,EHA00531_bin.1_CDS_0475,EHA00531_bin.1_CDS_0476	EHA00531_bin.1_CDS_0473,EHA00531_bin.1_CDS_0472,EHA00726_bin.13_CDS_3103
246	3	EHA00531_bin.1_CDS_1584,EHA00531_bin.1_CDS_1583,EHA00531_bin.1_CDS_1582	EHA00539_bin.6_CDS_0336,EHA00539_bin.6_CDS_0337,EHA00726_bin.13_CDS_3501
252	3	EHA00531_bin.1_CDS_0474,EHA00531_bin.1_CDS_0475,EHA00531_bin.1_CDS_0476	EHA00539_bin.6_CDS_2080,EHA00726_bin.13_CDS_2311,EHA00531_bin.1_CDS_0905
291	3	GCA_959606485.1_SRR16244384_bin.5_MetaWRAP_v1.3_MAG_genomic_CDS_0736,EHA00531_bin.1_CDS_3211,EHA00531_bin.1_CDS_3210	EHA00531_bin.1_CDS_3213,EHA00531_bin.1_CDS_3214,EHA00531_bin.1_CDS_3216
292	3	EHA00535_bin.6_CDS_0090,EHA00531_bin.1_CDS_0926,EHA00531_bin.1_CDS_0927	EHA00531_bin.1_CDS_0924,EHA00531_bin.1_CDS_0923,EHA00531_bin.1_CDS_0922
76	2	EHA00531_bin.1_CDS_1359,EHA00531_bin.1_CDS_1358,EHA00531_bin.1_CDS_1355	EHA03390_bin.20_CDS_2482,EHA00531_bin.1_CDS_0546,EHA00531_bin.1_CDS_0545
81	2	EHA00531_bin.1_CDS_2960,EHA00531_bin.1_CDS_2959,EHA00531_bin.1_CDS_2958	EHA00531_bin.1_CDS_1923,GCA_015060925.1_ASM1506092v1_genomic_CDS_1404,EHA00531_bin.1_CDS_1925
94	2	EHA00531_bin.1_CDS_2042,EHA02500_bin.116_CDS_0410,GCA_015060925.1_ASM1506092v1_genomic_CDS_1866	EHA00531_bin.1_CDS_2043,EHA02500_bin.116_CDS_0407,EHA01439_bin.44_CDS_1013
98	1	EHA00726_bin.13_CDS_2731,EHA00531_bin.1_CDS_3856,EHA00531_bin.1_CDS_3855	EHA00531_bin.1_CDS_2549,EHA00531_bin.1_CDS_2550,EHA00531_bin.1_CDS_2551
98	1	GCA_020809955.1_ASM2080995v1_genomic_CDS_3045,EHA00531_bin.1_CDS_2549,EHA00531_bin.1_CDS_2550	EHA00531_bin.1_CDS_3856,EHA00531_bin.1_CDS_3855,EHA00531_bin.1_CDS_3854
106	1	EHA00531_bin.1_CDS_0830,EHA01439_bin.44_CDS_1343,EHA00531_bin.1_CDS_0832	EHA00531_bin.1_CDS_0829,EHA00726_bin.13_CDS_2022,EHA00531_bin.1_CDS_0827
106	1	EHA01439_bin.44_CDS_1343,EHA00531_bin.1_CDS_0832,EHA00531_bin.1_CDS_0833	EHA00531_bin.1_CDS_0830,EHA00531_bin.1_CDS_0829,EHA00726_bin.13_CDS_2022
111	2	EHA00531_bin.1_CDS_0225,EHA00531_bin.1_CDS_0226,GCA_958404515.1_ERR9492504_bin.8_MetaWRAP_v1.3_MAG_genomic_CDS_1018	EHA00531_bin.1_CDS_0223,EHA00531_bin.1_CDS_0222,EHA00531_bin.1_CDS_0221
123	2	EHA00531_bin.1_CDS_3475,EHA00726_bin.13_CDS_0235,EHA00531_bin.1_CDS_3477	EHA00539_bin.6_CDS_2449,EHA00531_bin.1_CDS_3473,EHA00531_bin.1_CDS_3472
128	1	EHA00531_bin.1_CDS_3731,GCA_015060925.1_ASM1506092v1_genomic_CDS_0349,EHA00531_bin.1_CDS_3692	EHA00539_bin.6_CDS_0602,EHA00531_bin.1_CDS_1203,EHA00539_bin.6_CDS_0600
128	1	EHA00531_bin.1_CDS_3731,GCA_015060925.1_ASM1506092v1_genomic_CDS_0349,EHA00531_bin.1_CDS_3692	EHA00539_bin.6_CDS_0602,EHA00539_bin.6_CDS_0602,EHA00531_bin.1_CDS_1203
131	1	EHA00726_bin.13_CDS_1859,EHA00531_bin.1_CDS_3188,EHA00531_bin.1_CDS_3187	EHA00531_bin.1_CDS_3190,EHA00535_bin.6_CDS_1767,EHA00535_bin.6_CDS_1767
131	1	EHA00531_bin.1_CDS_3190,EHA00535_bin.6_CDS_1767,EHA00531_bin.1_CDS_1768	EHA00726_bin.13_CDS_1859,EHA00531_bin.1_CDS_3188,EHA00531_bin.1_CDS_3187
147	1	EHA00531_bin.1_CDS_0099,EHA00531_bin.1_CDS_0717,EHA00531_bin.1_CDS_0718	EHA00531_bin.1_CDS_0694,EHA00531_bin.1_CDS_0693,EHA00531_bin.1_CDS_0692
147	1	EHA00531_bin.1_CDS_0694,EHA00531_bin.1_CDS_0693,EHA00531_bin.1_CDS_0692	EHA00531_bin.1_CDS_0717,EHA00531_bin.1_CDS_0718,EHA00531_bin.1_CDS_0719
163	2	GCA_015060925.1_ASM1506092v1_genomic_CDS_1836,EHA00531_bin.1_CDS_1864,EHA00531_bin.1_CDS_1863	EHA00531_bin.1_CDS_1866,EHA00531_bin.1_CDS_1867,EHA00531_bin.1_CDS_1868
216	2	EHA00726_bin.13_CDS_1199,EHA00531_bin.1_CDS_2112,EHA00531_bin.1_CDS_2111	EHA00531_bin.1_CDS_2115,EHA00531_bin.1_CDS_2116,EHA00531_bin.1_CDS_2117
224	1	EHA00531_bin.1_CDS_1267,EHA00539_bin.6_CDS_1005,EHA00531_bin.1_CDS_0862	EHA00726_bin.13_CDS_1941,EHA00531_bin.1_CDS_0415,EHA00539_bin.6_CDS_2056
224	1	EHA00726_bin.13_CDS_1941,EHA00531_bin.1_CDS_0415,EHA00539_bin.6_CDS_2056	EHA00726_bin.13_CDS_1989,EHA00531_bin.1_CDS_1267,EHA00539_bin.6_CDS_1005
227	2	EHA04680_bin.8_CDS_3688,EHA00531_bin.1_CDS_2762,GCA_959026225.1_SRR13494490_bin.7_MetaWRAP_v1.3_MAG_genomic_CDS_0333	EHA00531_bin.1_CDS_2756,EHA00531_bin.1_CDS_2952,EHA00531_bin.1_CDS_2953
231	2	EHA00531_bin.1_CDS_2724,EHA00531_bin.1_CDS_2723,EHA00531_bin.1_CDS_2722	EHA00535_bin.6_CDS_0311,GCA_015060925.1_ASM1506092v1_genomic_CDS_1851,EHA00531_bin.1_CDS_0043
236	1	EHA00928_bin.90_CDS_2875,EHA00531_bin.1_CDS_3120,EHA00531_bin.1_CDS_3121	EHA01281_bin.18_CDS_2607,EHA00531_bin.1_CDS_1861,EHA00531_bin.1_CDS_1862
236	1	EHA00531_bin.1_CDS_3120,EHA00531_bin.1_CDS_3121,EHA00531_bin.1_CDS_3122	EHA01281_bin.18_CDS_2607,EHA00531_bin.1_CDS_1861,EHA00531_bin.1_CDS_1862
237	2	EHA00531_bin.1_CDS_0580,EHA00531_bin.1_CDS_0581,EHA00531_bin.1_CDS_0582	EHA03288_bin.14_CDS_1965,EHA00531_bin.1_CDS_0578,EHA00531_bin.1_CDS_0577
243	2	EHA03390_bin.20_CDS_3701,EHA00726_bin.13_CDS_1103,EHA00531_bin.1_CDS_1858	EHA04680_bin.8_CDS_1680,EHA00531_bin.1_CDS_3279,GCA_015060925.1_ASM1506092v1_genomic_CDS_0007
255	2	EHA00531_bin.1_CDS_1154,EHA00531_bin.1_CDS_1153,EHA00531_bin.1_CDS_1152	EHA00531_bin.1_CDS_1156,EHA00531_bin.1_CDS_1157,EHA00531_bin.1_CDS_1158
264	2	EHA00531_bin.1_CDS_1253,EHA00531_bin.1_CDS_1252,EHA00531_bin.1_CDS_1251	EHA00531_bin.1_CDS_1258,GCA_008679655.1_ASM867965v1_genomic_CDS_2851,EHA00535_bin.6_CDS_0522
268	2	EHA00531_bin.1_CDS_2261,EHA00531_bin.1_CDS_2260,EHA00531_bin.1_CDS_2259	EHA00531_bin.1_CDS_2264,EHA00531_bin.1_CDS_2265,GCF_003469775.1_ASM346977v1_genomic_CDS_3833
276	2	EHA00539_bin.6_CDS_0336,EHA00539_bin.6_CDS_0335,EHA00726_bin.13_CDS_3505	EHA00539_bin.6_CDS_0337,EHA00726_bin.13_CDS_3501,EHA01202_bin.66_CDS_0922
288	2	EHA00531_bin.1_CDS_0503,GCA_015060925.1_ASM1506092v1_genomic_CDS_1557,GCA_003464145.1_ASM346414v1_genomic_CDS_3129	EHA00539_bin.6_CDS_0490,EHA00531_bin.1_CDS_3194,EHA00531_bin.1_CDS_3193
293	2	GCA_958445425.1_ERR9610044_bin.23_MetaWRAP_v1.3_MAG_genomic_CDS_2972,EHA00531_bin.1_CDS_0482,EHA00531_bin.1_CDS_0483	EHA00531_bin.1_CDS_0479,EHA00531_bin.1_CDS_0478,EHA00726_bin.13_CDS_2072
295	2	EHA00531_bin.1_CDS_0779,EHA00531_bin.1_CDS_0780,EHA00531_bin.1_CDS_0781	EHA00531_bin.1_CDS_0778,EHA00531_bin.1_CDS_0777,EHA00531_bin.1_CDS_0776
303	2	EHA00531_bin.1_CDS_2124,EHA00531_bin.1_CDS_2125,EHA00531_bin.1_CDS_2126	EHA00531_bin.1_CDS_2121,EHA00531_bin.1_CDS_2120,EHA00531_bin.1_CDS_2119
308	1	EHA00531_bin.1_CDS_0165,EHA00531_bin.1_CDS_0158,EHA00531_bin.1_CDS_0157	EHA03376_bin.12_CDS_2933,EHA00531_bin.1_CDS_0166,EHA00531_bin.1_CDS_0167
308	1	EHA00531_bin.1_CDS_0165,EHA00531_bin.1_CDS_0164,EHA03376_bin.12_CDS_2933	EHA00531_bin.1_CDS_0166,EHA00531_bin.1_CDS_0167,GCF_001406015.1_14207_7_71_genomic_CDS_3212
320	2	EHA00531_bin.1_CDS_3167,EHA00531_bin.1_CDS_3166,EHA00531_bin.1_CDS_3165	EHA00531_bin.1_CDS_3168,EHA00531_bin.1_CDS_3169,EHA00535_bin.6_CDS_1318
321	2	EHA00726_bin.13_CDS_3472,EHA00531_bin.1_CDS_3606,EHA00531_bin.1_CDS_3605	EHA00726_bin.13_CDS_3472,EHA00539_bin.6_CDS_1169,EHA00531_bin.1_CDS_3781
322	2	EHA00531_bin.1_CDS_2508,EHA00531_bin.1_CDS_2507,EHA00531_bin.1_CDS_2505	EHA00531_bin.1_CDS_2509,EHA00531_bin.1_CDS_2510,EHA00531_bin.1_CDS_2511
8	1	EHA00531_bin.1_CDS_2448,EHA00531_bin.1_CDS_2447,EHA00531_bin.1_CDS_2446	EHA00531_bin.1_CDS_2470,EHA00531_bin.1_CDS_2471,EHA00531_bin.1_CDS_2472
22	1	EHA00531_bin.1_CDS_3092,EHA00531_bin.1_CDS_3091,EHA03390_bin.20_CDS_0553	EHA00535_bin.6_CDS_0237,EHA00539_bin.6_CDS_2425,EHA00539_bin.6_CDS_2426
51	1	EHA00531_bin.1_CDS_0963,GCA_958422645.1_ERR9762696_bin.1_MetaWRAP_v1.3_MAG_genomic_CDS_1141,EHA00531_bin.1_CDS_0961	EHA00531_bin.1_CDS_1652,EHA00531_bin.1_CDS_1651,EHA00531_bin.1_CDS_1650
56	1	GCF_001405935.1_13414_6_56_genomic_CDS_3424,GCA_959606485.1_SRR16244384_bin.5_MetaWRAP_v1.3_MAG_genomic_CDS_0684,EHA00531_bin.1_CDS_3009	EHA00531_bin.1_CDS_1652,EHA00539_bin.6_CDS_2971,EHA00531_bin.1_CDS_1654
82	1	EHA00539_bin.6_CDS_0596,EHA00531_bin.1_CDS_1199,EHA01281_bin.18_CDS_1585	EHA00531_bin.1_CDS_1420,EHA00531_bin.1_CDS_1421,EHA00535_bin.6_CDS_0379
97	1	EHA00531_bin.1_CDS_2119,EHA00531_bin.1_CDS_2118,EHA00531_bin.1_CDS_2117	EHA00531_bin.1_CDS_2124,EHA00531_bin.1_CDS_2125,EHA00531_bin.1_CDS_2126
102	1	EHA00531_bin.1_CDS_3708,EHA00531_bin.1_CDS_0171,EHA00531_bin.1_CDS_0170	EHA00928_bin.90_CDS_2594,EHA00531_bin.1_CDS_3710,EHA00531_bin.1_CDS_3713
103	1	EHA00531_bin.1_CDS_1700,EHA00531_bin.1_CDS_1699,EHA00531_bin.1_CDS_1698	EHA00531_bin.1_CDS_1706,EHA00531_bin.1_CDS_1335,EHA00531_bin.1_CDS_1334
109	1	EHA00535_bin.6_CDS_0522,EHA00531_bin.1_CDS_1507,EHA00531_bin.1_CDS_1508	EHA00531_bin.1_CDS_1258,EHA00531_bin.1_CDS_1257,EHA00531_bin.1_CDS_1256
120	1	EHA00531_bin.1_CDS_0818,EHA00531_bin.1_CDS_0817,EHA00531_bin.1_CDS_0816	EHA00531_bin.1_CDS_0819,EHA00531_bin.1_CDS_0820,EHA00531_bin.1_CDS_0821
133	1	GCF_003475725.1_ASM347572v1_genomic_CDS_3906,EHA00531_bin.1_CDS_2070,EHA00531_bin.1_CDS_2069	EHA00531_bin.1_CDS_1085,EHA00531_bin.1_CDS_1085,EHA00531_bin.1_CDS_1086
135	1	GCA_022776965.1_ASM2277696v1_genomic_CDS_1009,EHA00531_bin.1_CDS_2818,EHA00531_bin.1_CDS_2819	EHA00531_bin.1_CDS_3250,EHA00531_bin.1_CDS_3249,EHA00531_bin.1_CDS_3192
136	1	EHA00531_bin.1_CDS_3710,EHA00928_bin.90_CDS_2594,EHA00531_bin.1_CDS_3708	EHA00531_bin.1_CDS_3713,EHA00531_bin.1_CDS_3714,EHA00539_bin.6_CDS_2118
137	1	EHA00531_bin.1_CDS_2166,EHA00531_bin.1_CDS_2166,EHA00531_bin.1_CDS_2165	EHA00726_bin.13_CDS_2714,EHA00726_bin.13_CDS_2714,EHA00726_bin.13_CDS_2714
140	1	EHA00531_bin.1_CDS_2973,EHA00531_bin.1_CDS_2972,EHA00928_bin.90_CDS_0013	GCA_958422645.1_ERR9762696_bin.1_MetaWRAP_v1.3_MAG_genomic_CDS_1432,EHA00531_bin.1_CDS_2975,EHA00928_bin.90_CDS_2234
142	1	EHA00531_bin.1_CDS_3807,EHA00531_bin.1_CDS_3808,EHA00531_bin.1_CDS_3808	EHA01439_bin.44_CDS_0659,EHA00531_bin.1_CDS_2281,EHA00531_bin.1_CDS_2282
148	1	EHA00531_bin.1_CDS_3660,EHA00531_bin.1_CDS_3659,EHA00531_bin.1_CDS_3658	EHA00531_bin.1_CDS_3661,EHA00531_bin.1_CDS_3662,GCA_030839725.1_ASM3083972v1_genomic_CDS_0130
150	1	EHA01281_bin.18_CDS_2805,EHA00539_bin.6_CDS_2044,EHA00535_bin.6_CDS_0808	EHA00531_bin.1_CDS_2314,EHA00531_bin.1_CDS_2315,EHA00535_bin.6_CDS_0823
154	1	EHA00531_bin.1_CDS_1509,EHA00531_bin.1_CDS_1508,EHA00531_bin.1_CDS_1507	EHA00531_bin.1_CDS_1510,EHA00535_bin.6_CDS_2205,EHA00531_bin.1_CDS_1512
156	1	EHA00531_bin.1_CDS_2644,EHA00531_bin.1_CDS_2643,EHA00531_bin.1_CDS_2642	EHA00531_bin.1_CDS_2645,EHA00531_bin.1_CDS_2646,EHA00531_bin.1_CDS_2647
165	1	EHA00535_bin.6_CDS_2644,EHA00531_bin.1_CDS_1353,EHA00531_bin.1_CDS_1354	EHA00531_bin.1_CDS_1349,GCA_015060925.1_ASM1506092v1_genomic_CDS_0589,EHA00531_bin.1_CDS_1347
166	1	EHA00531_bin.1_CDS_2279,EHA00531_bin.1_CDS_2278,EHA00531_bin.1_CDS_2277	EHA00531_bin.1_CDS_3152,EHA00531_bin.1_CDS_3151,EHA00531_bin.1_CDS_3150
171	1	EHA00535_bin.6_CDS_1597,EHA00531_bin.1_CDS_2977,EHA00928_bin.90_CDS_2234	GCA_009774835.1_ASM977483v1_genomic_CDS_1138,EHA00531_bin.1_CDS_0985,EHA00531_bin.1_CDS_0984
173	1	EHA00531_bin.1_CDS_2479,EHA00539_bin.6_CDS_1262,EHA00531_bin.1_CDS_0645	EHA00531_bin.1_CDS_3747,EHA00531_bin.1_CDS_3748,EHA00531_bin.1_CDS_3749
179	1	EHA00531_bin.1_CDS_3392,EHA00531_bin.1_CDS_3391,EHA00531_bin.1_CDS_3390	EHA00531_bin.1_CDS_3396,GCA_015060925.1_ASM1506092v1_genomic_CDS_0266,EHA00531_bin.1_CDS_3227
180	1	EHA00531_bin.1_CDS_2294,EHA00531_bin.1_CDS_2293,EHA00531_bin.1_CDS_2292	EHA00531_bin.1_CDS_3094,GCA_015060925.1_ASM1506092v1_genomic_CDS_0600,EHA00531_bin.1_CDS_3096
181	1	EHA00531_bin.1_CDS_2912,GCA_958404515.1_ERR9492504_bin.8_MetaWRAP_v1.3_MAG_genomic_CDS_3423,EHA00531_bin.1_CDS_2910	EHA00531_bin.1_CDS_3486,EHA00531_bin.1_CDS_3487,EHA00531_bin.1_CDS_3489
182	1	GCA_015060925.1_ASM1506092v1_genomic_CDS_1924,EHA00531_bin.1_CDS_3458,EHA00726_bin.13_CDS_0081	EHA00531_bin.1_CDS_0816,EHA00531_bin.1_CDS_0817,EHA00531_bin.1_CDS_0818
183	1	EHA00535_bin.6_CDS_2392,EHA00531_bin.1_CDS_0359,EHA00531_bin.1_CDS_0955	EHA00531_bin.1_CDS_1282,EHA00531_bin.1_CDS_1281,EHA00531_bin.1_CDS_2374
184	1	GCA_958404515.1_ERR9492504_bin.8_MetaWRAP_v1.3_MAG_genomic_CDS_3443,EHA00531_bin.1_CDS_2968,EHA00531_bin.1_CDS_2766	EHA00531_bin.1_CDS_1294,EHA00531_bin.1_CDS_1293,EHA00531_bin.1_CDS_1292
185	1	EHA00531_bin.1_CDS_2106,EHA00531_bin.1_CDS_2107,GCA_015060925.1_ASM1506092v1_genomic_CDS_1510	EHA00726_bin.13_CDS_1185,GCA_015060925.1_ASM1506092v1_genomic_CDS_1530,EHA00531_bin.1_CDS_2098
186	1	EHA03161_bin.52_CDS_1037,EHA00531_bin.1_CDS_0013,EHA00531_bin.1_CDS_0014	EHA00531_bin.1_CDS_1567,EHA00531_bin.1_CDS_1568,EHA00531_bin.1_CDS_1569
187	1	EHA00531_bin.1_CDS_1675,EHA00531_bin.1_CDS_1674,EHA00539_bin.6_CDS_0656	EHA00535_bin.6_CDS_2920,EHA00531_bin.1_CDS_1965,GCA_015060925.1_ASM1506092v1_genomic_CDS_1305
188	1	EHA00531_bin.1_CDS_0221,EHA00531_bin.1_CDS_0220,EHA00531_bin.1_CDS_0219	EHA00531_bin.1_CDS_0124,EHA00531_bin.1_CDS_1509,GCA_015060925.1_ASM1506092v1_genomic_CDS_1393
189	1	EHA00531_bin.1_CDS_2098,GCA_015060925.1_ASM1506092v1_genomic_CDS_1530,EHA00726_bin.13_CDS_1185	EHA00531_bin.1_CDS_2656,EHA00531_bin.1_CDS_2655,EHA00531_bin.1_CDS_2654
190	1	EHA00531_bin.1_CDS_1334,EHA00531_bin.1_CDS_1335,EHA00531_bin.1_CDS_3009	EHA00531_bin.1_CDS_3011,EHA00531_bin.1_CDS_3010,EHA00531_bin.1_CDS_1701
191	1	GCA_015060925.1_ASM1506092v1_genomic_CDS_1579,EHA00531_bin.1_CDS_0439,EHA00531_bin.1_CDS_0440	EHA00531_bin.1_CDS_0319,EHA04696_bin.132_CDS_0235,EHA00531_bin.1_CDS_0317
192	1	EHA00535_bin.6_CDS_1206,EHA00531_bin.1_CDS_2919,EHA00531_bin.1_CDS_2882	EHA00531_bin.1_CDS_1440,EHA00531_bin.1_CDS_1441,GCA_022774455.1_ASM2277445v1_genomic_CDS_0866
193	1	EHA00531_bin.1_CDS_3091,GCF_003467575.1_ASM346757v1_genomic_CDS_1505,EHA00539_bin.6_CDS_2402	EHA00531_bin.1_CDS_0955,EHA00531_bin.1_CDS_0359,EHA00535_bin.6_CDS_2392
194	1	EHA00531_bin.1_CDS_0818,EHA00531_bin.1_CDS_0817,EHA00531_bin.1_CDS_0816	EHA00531_bin.1_CDS_1015,EHA00531_bin.1_CDS_1016,EHA00531_bin.1_CDS_1017
195	1	EHA00531_bin.1_CDS_2155,GCA_015060925.1_ASM1506092v1_genomic_CDS_1690,EHA00531_bin.1_CDS_1765	GCA_958404515.1_ERR9492504_bin.8_MetaWRAP_v1.3_MAG_genomic_CDS_2356,EHA00531_bin.1_CDS_0540,EHA00531_bin.1_CDS_0541
196	1	EHA00531_bin.1_CDS_1221,EHA00531_bin.1_CDS_1220,GCA_015060925.1_ASM1506092v1_genomic_CDS_0162	EHA00531_bin.1_CDS_2765,EHA00531_bin.1_CDS_2766,EHA00531_bin.1_CDS_2968
197	1	EHA00726_bin.13_CDS_2783,EHA00531_bin.1_CDS_1366,EHA00531_bin.1_CDS_1365	GCA_015060925.1_ASM1506092v1_genomic_CDS_0242,EHA00531_bin.1_CDS_3139,EHA00531_bin.1_CDS_3140
198	1	EHA00531_bin.1_CDS_3774,EHA00531_bin.1_CDS_3775,EHA00531_bin.1_CDS_3776	EHA00531_bin.1_CDS_0232,EHA00531_bin.1_CDS_0231,EHA00531_bin.1_CDS_0230
199	1	EHA00539_bin.6_CDS_1941,EHA00531_bin.1_CDS_0722,EHA00531_bin.1_CDS_1462	EHA00531_bin.1_CDS_0730,GCA_015060925.1_ASM1506092v1_genomic_CDS_0041,EHA00531_bin.1_CDS_0064
200	1	EHA00531_bin.1_CDS_3096,GCA_015060925.1_ASM1506092v1_genomic_CDS_0600,EHA00531_bin.1_CDS_3094	EHA00531_bin.1_CDS_3794,EHA00531_bin.1_CDS_0787,EHA00531_bin.1_CDS_2928
201	1	EHA00531_bin.1_CDS_1978,EHA00531_bin.1_CDS_1979,EHA00531_bin.1_CDS_1980	GCA_959606485.1_SRR16244384_bin.5_MetaWRAP_v1.3_MAG_genomic_CDS_2782,EHA00531_bin.1_CDS_0219,EHA00531_bin.1_CDS_0220
202	1	EHA00531_bin.1_CDS_0503,GCA_015060925.1_ASM1506092v1_genomic_CDS_1557,EHA00531_bin.1_CDS_1709	EHA00531_bin.1_CDS_0458,GCA_003464145.1_ASM346414v1_genomic_CDS_0912,EHA01958_bin.190_CDS_1437
203	1	EHA00531_bin.1_CDS_1090,EHA00531_bin.1_CDS_1091,EHA00531_bin.1_CDS_1094	EHA00531_bin.1_CDS_2066,EHA00531_bin.1_CDS_2065,EHA00531_bin.1_CDS_2064
204	1	GCA_015060925.1_ASM1506092v1_genomic_CDS_1839,EHA01439_bin.44_CDS_2135,EHA00531_bin.1_CDS_3200	EHA00531_bin.1_CDS_2910,GCA_958404515.1_ERR9492504_bin.8_MetaWRAP_v1.3_MAG_genomic_CDS_3423,EHA00531_bin.1_CDS_2912
205	1	EHA00531_bin.1_CDS_0199,EHA00531_bin.1_CDS_0200,EHA00531_bin.1_CDS_0411	EHA00531_bin.1_CDS_2668,EHA00535_bin.6_CDS_0426,EHA00531_bin.1_CDS_2670
206	1	EHA00531_bin.1_CDS_2845,EHA00531_bin.1_CDS_2844,EHA00531_bin.1_CDS_2843	EHA00531_bin.1_CDS_1177,EHA00531_bin.1_CDS_1176,EHA00531_bin.1_CDS_1175
207	1	GCA_015060925.1_ASM1506092v1_genomic_CDS_1913,EHA00726_bin.13_CDS_2041,EHA00726_bin.13_CDS_2042	EHA00726_bin.13_CDS_0081,EHA00531_bin.1_CDS_3458,GCA_015060925.1_ASM1506092v1_genomic_CDS_1924
208	1	EHA00531_bin.1_CDS_3658,EHA00531_bin.1_CDS_3659,EHA00531_bin.1_CDS_3660	EHA00531_bin.1_CDS_1625,EHA00531_bin.1_CDS_1624,EHA00531_bin.1_CDS_1623
209	1	EHA00531_bin.1_CDS_0004,EHA03376_bin.12_CDS_3063,EHA00531_bin.1_CDS_1289	EHA00531_bin.1_CDS_1363,EHA00531_bin.1_CDS_1364,EHA00531_bin.1_CDS_1365
210	1	EHA00531_bin.1_CDS_0839,EHA00531_bin.1_CDS_0838,EHA00531_bin.1_CDS_0835	EHA00531_bin.1_CDS_1843,EHA00531_bin.1_CDS_0383,EHA01845_bin.103_CDS_0636
211	1	EHA00531_bin.1_CDS_1845,EHA00531_bin.1_CDS_1846,EHA00531_bin.1_CDS_1847	EHA00531_bin.1_CDS_1109,EHA00531_bin.1_CDS_1108,EHA00531_bin.1_CDS_1104
212	1	EHA00531_bin.1_CDS_0295,EHA00531_bin.1_CDS_0296,EHA00535_bin.6_CDS_2723	EHA00531_bin.1_CDS_2119,EHA00531_bin.1_CDS_2118,EHA00531_bin.1_CDS_2116
213	1	EHA00531_bin.1_CDS_2640,GCA_015060925.1_ASM1506092v1_genomic_CDS_1596,EHA00531_bin.1_CDS_2541	EHA00531_bin.1_CDS_3660,EHA00531_bin.1_CDS_3659,EHA00531_bin.1_CDS_3658
214	1	EHA00531_bin.1_CDS_0541,EHA00531_bin.1_CDS_0540,GCA_958404515.1_ERR9492504_bin.8_MetaWRAP_v1.3_MAG_genomic_CDS_2356	EHA00726_bin.13_CDS_3132,EHA00531_bin.1_CDS_3286,EHA00531_bin.1_CDS_0321
215	1	EHA00531_bin.1_CDS_0169,GCF_001406015.1_14207_7_71_genomic_CDS_3212,EHA00531_bin.1_CDS_0167	EHA00531_bin.1_CDS_0170,EHA00531_bin.1_CDS_0171,EHA00531_bin.1_CDS_3708
220	1	EHA00531_bin.1_CDS_1790,EHA00531_bin.1_CDS_1791,EHA00539_bin.6_CDS_1292	EHA00531_bin.1_CDS_1799,EHA00531_bin.1_CDS_1800,EHA00531_bin.1_CDS_1801
222	1	EHA01202_bin.66_CDS_0254,GCA_015060925.1_ASM1506092v1_genomic_CDS_2026,EHA00531_bin.1_CDS_1411	EHA01634_bin.14_CDS_1013,GCA_959606485.1_SRR16244384_bin.5_MetaWRAP_v1.3_MAG_genomic_CDS_1111,EHA00531_bin.1_CDS_0586
225	1	EHA00531_bin.1_CDS_1104,EHA00531_bin.1_CDS_1105,EHA00531_bin.1_CDS_1106	EHA00531_bin.1_CDS_1103,EHA00531_bin.1_CDS_1102,EHA00531_bin.1_CDS_1101
226	1	EHA00531_bin.1_CDS_1009,EHA00531_bin.1_CDS_1008,EHA00531_bin.1_CDS_1007	EHA00531_bin.1_CDS_1010,EHA00531_bin.1_CDS_1011,EHA00531_bin.1_CDS_1012
229	1	EHA00726_bin.13_CDS_3019,EHA00535_bin.6_CDS_1325,EHA00531_bin.1_CDS_0652	EHA00531_bin.1_CDS_3048,EHA00531_bin.1_CDS_3047,EHA00531_bin.1_CDS_3046
233	1	EHA03390_bin.20_CDS_0232,EHA00531_bin.1_CDS_2829,GCA_015060925.1_ASM1506092v1_genomic_CDS_0982	EHA00531_bin.1_CDS_2831,EHA00531_bin.1_CDS_2832,EHA00531_bin.1_CDS_2833
234	1	EHA00539_bin.6_CDS_1524,EHA00535_bin.6_CDS_1206,EHA00531_bin.1_CDS_0769	EHA00531_bin.1_CDS_3094,GCA_015060925.1_ASM1506092v1_genomic_CDS_0600,EHA00531_bin.1_CDS_3096
235	1	EHA00531_bin.1_CDS_2804,EHA00531_bin.1_CDS_2803,EHA00531_bin.1_CDS_2802	EHA00531_bin.1_CDS_2805,EHA00531_bin.1_CDS_2806,EHA00531_bin.1_CDS_2807
239	1	EHA00531_bin.1_CDS_2303,EHA00531_bin.1_CDS_2302,EHA00531_bin.1_CDS_2301	EHA00531_bin.1_CDS_0976,EHA01958_bin.190_CDS_0650,EHA00531_bin.1_CDS_0974
240	1	GCA_020809955.1_ASM2080995v1_genomic_CDS_3045,EHA00726_bin.13_CDS_2731,EHA00531_bin.1_CDS_3860	EHA00531_bin.1_CDS_2549,EHA00531_bin.1_CDS_2550,EHA00531_bin.1_CDS_2551
241	1	GCA_008680675.1_ASM868067v1_genomic_CDS_0079,EHA00531_bin.1_CDS_0643,EHA00531_bin.1_CDS_0642	GCA_958413795.1_ERR9578301_bin.6_MetaWRAP_v1.3_MAG_genomic_CDS_1084,EHA00531_bin.1_CDS_3286,EHA00726_bin.13_CDS_3132
242	1	EHA00531_bin.1_CDS_0164,EHA00531_bin.1_CDS_0165,EHA00531_bin.1_CDS_0166	EHA03376_bin.12_CDS_2933,EHA00531_bin.1_CDS_0158,EHA00531_bin.1_CDS_0157
244	1	EHA00531_bin.1_CDS_1370,EHA00726_bin.13_CDS_2783,EHA00531_bin.1_CDS_1368	EHA00928_bin.90_CDS_0441,EHA00531_bin.1_CDS_2708,EHA00539_bin.6_CDS_2158
247	1	EHA00539_bin.6_CDS_2652,GCA_958404515.1_ERR9492504_bin.8_MetaWRAP_v1.3_MAG_genomic_CDS_0194,EHA04680_bin.8_CDS_3883	EHA00531_bin.1_CDS_2883,EHA00531_bin.1_CDS_2882,EHA03390_bin.20_CDS_0638
248	1	EHA00531_bin.1_CDS_2864,EHA00531_bin.1_CDS_2863,EHA00531_bin.1_CDS_2862	EHA00531_bin.1_CDS_2869,EHA04588_bin.13_CDS_3135,EHA00531_bin.1_CDS_2871
249	1	EHA00531_bin.1_CDS_2329,EHA00531_bin.1_CDS_2328,EHA00531_bin.1_CDS_2327	EHA00531_bin.1_CDS_2330,EHA00531_bin.1_CDS_2331,EHA00539_bin.6_CDS_0366
250	1	EHA00531_bin.1_CDS_1799,EHA00531_bin.1_CDS_1800,EHA00531_bin.1_CDS_1801	EHA00531_bin.1_CDS_1798,EHA00531_bin.1_CDS_1797,EHA00531_bin.1_CDS_1796
251	1	EHA00535_bin.6_CDS_0311,GCA_015060925.1_ASM1506092v1_genomic_CDS_1851,EHA00531_bin.1_CDS_0043	EHA00531_bin.1_CDS_0548,GCA_008679285.1_ASM867928v1_genomic_CDS_0394,EHA00531_bin.1_CDS_0550
253	1	EHA00531_bin.1_CDS_0154,EHA00531_bin.1_CDS_0155,EHA00531_bin.1_CDS_0156	EHA00531_bin.1_CDS_0147,EHA00531_bin.1_CDS_0146,EHA00531_bin.1_CDS_0145
254	1	EHA00928_bin.90_CDS_2799,GCF_003469775.1_ASM346977v1_genomic_CDS_4084,EHA00531_bin.1_CDS_2155	GCA_015060925.1_ASM1506092v1_genomic_CDS_1690,EHA00531_bin.1_CDS_1765,EHA00531_bin.1_CDS_1763
256	1	GCA_015060925.1_ASM1506092v1_genomic_CDS_1754,EHA00531_bin.1_CDS_2014,EHA00531_bin.1_CDS_2013	EHA00531_bin.1_CDS_2016,EHA00531_bin.1_CDS_2017,EHA00531_bin.1_CDS_2018
257	1	EHA00531_bin.1_CDS_1278,EHA00531_bin.1_CDS_1279,EHA00535_bin.6_CDS_2332	EHA00531_bin.1_CDS_1277,EHA00531_bin.1_CDS_1276,EHA00531_bin.1_CDS_1275
258	1	EHA00539_bin.6_CDS_0602,EHA00531_bin.1_CDS_1203,EHA00539_bin.6_CDS_0600	EHA00531_bin.1_CDS_3700,EHA00531_bin.1_CDS_3699,EHA00531_bin.1_CDS_3698
259	1	EHA00531_bin.1_CDS_0514,EHA00531_bin.1_CDS_0515,GCA_003464145.1_ASM346414v1_genomic_CDS_4240	EHA00531_bin.1_CDS_3435,EHA00535_bin.6_CDS_2433,EHA00531_bin.1_CDS_3433
261	1	GCA_015060925.1_ASM1506092v1_genomic_CDS_2026,EHA00531_bin.1_CDS_1411,EHA04680_bin.8_CDS_0428	EHA01202_bin.66_CDS_0254,GCA_958440685.1_ERR4918969_bin.9_MetaWRAP_v1.3_MAG_genomic_CDS_0169,EHA01634_bin.14_CDS_1013
262	1	GCA_959606485.1_SRR16244384_bin.5_MetaWRAP_v1.3_MAG_genomic_CDS_0684,GCF_001405935.1_13414_6_56_genomic_CDS_3424,EHA00531_bin.1_CDS_0963	EHA00531_bin.1_CDS_3009,EHA00531_bin.1_CDS_3010,EHA00531_bin.1_CDS_3011
263	1	EHA00531_bin.1_CDS_1683,EHA00531_bin.1_CDS_1682,EHA00531_bin.1_CDS_1681	EHA04680_bin.8_CDS_2317,EHA00531_bin.1_CDS_1685,EHA00531_bin.1_CDS_1686
265	1	EHA00531_bin.1_CDS_0006,EHA00928_bin.90_CDS_1640,EHA00531_bin.1_CDS_1363	EHA00539_bin.6_CDS_2496,EHA00531_bin.1_CDS_0004,EHA00539_bin.6_CDS_2493
266	1	EHA00531_bin.1_CDS_0137,GCF_018292145.1_ASM1829214v1_genomic_CDS_2332,EHA00531_bin.1_CDS_0139	EHA00531_bin.1_CDS_0787,GCF_003474765.1_ASM347476v1_genomic_CDS_0212,EHA00531_bin.1_CDS_0785
267	1	EHA00726_bin.13_CDS_1989,EHA00531_bin.1_CDS_1267,EHA00539_bin.6_CDS_1005	EHA00726_bin.13_CDS_1989,EHA00531_bin.1_CDS_0259,EHA00531_bin.1_CDS_0257
269	1	EHA00531_bin.1_CDS_3513,EHA00531_bin.1_CDS_3512,GCA_959600655.1_SRR16280015_bin.44_MetaWRAP_v1.3_MAG_genomic_CDS_1623	EHA00531_bin.1_CDS_2519,EHA00726_bin.13_CDS_1611,EHA00531_bin.1_CDS_1717
270	1	EHA00726_bin.13_CDS_1843,EHA00531_bin.1_CDS_1217,GCA_015060925.1_ASM1506092v1_genomic_CDS_0158	EHA00539_bin.6_CDS_1466,EHA00531_bin.1_CDS_1769,EHA00531_bin.1_CDS_1768
271	1	EHA00531_bin.1_CDS_2430,EHA00531_bin.1_CDS_2431,GCA_030843875.1_ASM3084387v1_genomic_CDS_0896	GCA_958404515.1_ERR9492504_bin.8_MetaWRAP_v1.3_MAG_genomic_CDS_2333,EHA00531_bin.1_CDS_1347,GCA_015060925.1_ASM1506092v1_genomic_CDS_0589
272	1	EHA00539_bin.6_CDS_2080,EHA00726_bin.13_CDS_2311,EHA00531_bin.1_CDS_0905	EHA00531_bin.1_CDS_2556,EHA00531_bin.1_CDS_2555,EHA00531_bin.1_CDS_2554
273	1	EHA00531_bin.1_CDS_0425,EHA00531_bin.1_CDS_0426,EHA00531_bin.1_CDS_1819	EHA00531_bin.1_CDS_0423,EHA00531_bin.1_CDS_0422,EHA00531_bin.1_CDS_0421
274	1	GCA_015060925.1_ASM1506092v1_genomic_CDS_1851,EHA00535_bin.6_CDS_0311,EHA00531_bin.1_CDS_2724	EHA00531_bin.1_CDS_0043,EHA00531_bin.1_CDS_0045,EHA00531_bin.1_CDS_0046
275	1	EHA00531_bin.1_CDS_2685,EHA00531_bin.1_CDS_2685,EHA00531_bin.1_CDS_2684	EHA00531_bin.1_CDS_3127,EHA00531_bin.1_CDS_3126,EHA00531_bin.1_CDS_3125
277	1	EHA00531_bin.1_CDS_1120,EHA00531_bin.1_CDS_1121,EHA00531_bin.1_CDS_1122	EHA00539_bin.6_CDS_1165,EHA00531_bin.1_CDS_0869,EHA00531_bin.1_CDS_0870
278	1	EHA00531_bin.1_CDS_0514,EHA00531_bin.1_CDS_0515,GCA_003464145.1_ASM346414v1_genomic_CDS_4240	EHA00531_bin.1_CDS_0912,EHA00531_bin.1_CDS_0137,GCF_018292145.1_ASM1829214v1_genomic_CDS_2332
279	1	EHA00531_bin.1_CDS_3122,EHA00531_bin.1_CDS_3123,EHA00531_bin.1_CDS_3124	EHA00531_bin.1_CDS_3121,EHA00531_bin.1_CDS_3120,EHA00531_bin.1_CDS_3120
280	1	EHA00531_bin.1_CDS_2130,EHA00531_bin.1_CDS_2131,EHA00531_bin.1_CDS_2131	EHA00531_bin.1_CDS_2127,EHA00531_bin.1_CDS_2126,EHA00531_bin.1_CDS_2124
281	1	GCF_003474765.1_ASM347476v1_genomic_CDS_4074,GCF_003474765.1_ASM347476v1_genomic_CDS_4074,EHA00531_bin.1_CDS_1031	GCF_003475725.1_ASM347572v1_genomic_CDS_3906,EHA00531_bin.1_CDS_2070,EHA00531_bin.1_CDS_2069
282	1	EHA00531_bin.1_CDS_0053,EHA00531_bin.1_CDS_0052,EHA00531_bin.1_CDS_0051	EHA00531_bin.1_CDS_2212,EHA00531_bin.1_CDS_2213,GCF_001406015.1_14207_7_71_genomic_CDS_4159
284	1	EHA00531_bin.1_CDS_2969,EHA00531_bin.1_CDS_2970,EHA00928_bin.90_CDS_0013	EHA00531_bin.1_CDS_2968,EHA00531_bin.1_CDS_2967,EHA00531_bin.1_CDS_2966
285	1	EHA00531_bin.1_CDS_3762,GCA_958404515.1_ERR9492504_bin.8_MetaWRAP_v1.3_MAG_genomic_CDS_1042,EHA00531_bin.1_CDS_3760	EHA00531_bin.1_CDS_3765,EHA00531_bin.1_CDS_3766,EHA00531_bin.1_CDS_3767
286	1	EHA00726_bin.13_CDS_0717,GCA_958416885.1_ERR9354025_bin.52_MetaWRAP_v1.3_MAG_genomic_CDS_3051,EHA00531_bin.1_CDS_3880	EHA03306_bin.55_CDS_1987,EHA00531_bin.1_CDS_0743,EHA00531_bin.1_CDS_0742
287	1	EHA00531_bin.1_CDS_3860,EHA00531_bin.1_CDS_3859,EHA00539_bin.6_CDS_0786	GCA_020809955.1_ASM2080995v1_genomic_CDS_3045,EHA00531_bin.1_CDS_2549,EHA00531_bin.1_CDS_2550
289	1	EHA00531_bin.1_CDS_3413,EHA00531_bin.1_CDS_3414,EHA00531_bin.1_CDS_3415	EHA00531_bin.1_CDS_3412,EHA00531_bin.1_CDS_3411,EHA00531_bin.1_CDS_3410
294	1	EHA00531_bin.1_CDS_2906,EHA00531_bin.1_CDS_2907,EHA00531_bin.1_CDS_2908	EHA00531_bin.1_CDS_0514,EHA00531_bin.1_CDS_0515,GCA_003464145.1_ASM346414v1_genomic_CDS_4240
296	1	EHA00531_bin.1_CDS_1622,EHA00531_bin.1_CDS_1623,EHA00531_bin.1_CDS_1624	EHA00531_bin.1_CDS_1621,EHA00531_bin.1_CDS_1620,EHA00531_bin.1_CDS_1619
297	1	EHA00531_bin.1_CDS_0668,EHA00531_bin.1_CDS_0669,EHA00726_bin.13_CDS_1346	EHA00726_bin.13_CDS_1343,EHA00726_bin.13_CDS_1342,EHA00531_bin.1_CDS_0665
298	1	EHA00539_bin.6_CDS_2496,EHA00531_bin.1_CDS_0006,EHA00928_bin.90_CDS_1640	EHA00531_bin.1_CDS_0004,EHA00726_bin.13_CDS_2795,EHA03376_bin.12_CDS_3063
299	1	EHA00531_bin.1_CDS_0277,EHA00539_bin.6_CDS_0602,EHA00539_bin.6_CDS_0602	EHA00531_bin.1_CDS_0988,EHA00535_bin.6_CDS_1843,EHA00531_bin.1_CDS_3731
300	1	EHA00531_bin.1_CDS_0615,EHA00531_bin.1_CDS_0616,EHA00531_bin.1_CDS_0617	EHA01439_bin.44_CDS_0083,EHA00531_bin.1_CDS_3240,EHA00531_bin.1_CDS_3239
301	1	EHA00531_bin.1_CDS_1040,EHA00531_bin.1_CDS_1039,EHA00531_bin.1_CDS_1038	EHA00539_bin.6_CDS_0695,EHA00539_bin.6_CDS_0696,EHA00535_bin.6_CDS_0020
302	1	EHA00531_bin.1_CDS_1794,EHA00531_bin.1_CDS_1795,EHA00531_bin.1_CDS_1796	GCA_008680675.1_ASM868067v1_genomic_CDS_0096,EHA00539_bin.6_CDS_1292,EHA00531_bin.1_CDS_1791
304	1	EHA00531_bin.1_CDS_3619,EHA00531_bin.1_CDS_3618,EHA00531_bin.1_CDS_3617	EHA00531_bin.1_CDS_3620,GCF_018289335.1_ASM1828933v1_genomic_CDS_2257,EHA00531_bin.1_CDS_3623
305	1	GCA_003464145.1_ASM346414v1_genomic_CDS_2114,GCA_015060925.1_ASM1506092v1_genomic_CDS_1686,EHA00531_bin.1_CDS_1756	EHA00531_bin.1_CDS_2545,EHA00531_bin.1_CDS_2544,GCA_015060925.1_ASM1506092v1_genomic_CDS_1593
306	1	EHA00928_bin.90_CDS_2799,GCF_003469775.1_ASM346977v1_genomic_CDS_4084,EHA00531_bin.1_CDS_2155	EHA01634_bin.14_CDS_1647,EHA00531_bin.1_CDS_1595,EHA03349_bin.40_CDS_2050
307	1	EHA00726_bin.13_CDS_2367,EHA00531_bin.1_CDS_1901,EHA00539_bin.6_CDS_0930	EHA00928_bin.90_CDS_3021,EHA00928_bin.90_CDS_3021,EHA00726_bin.13_CDS_3136
309	1	EHA00531_bin.1_CDS_3749,EHA00535_bin.6_CDS_2917,EHA00531_bin.1_CDS_3751	EHA00531_bin.1_CDS_3748,EHA00531_bin.1_CDS_3747,EHA00531_bin.1_CDS_3739
310	1	EHA00531_bin.1_CDS_3435,EHA00535_bin.6_CDS_2433,EHA00531_bin.1_CDS_3433	EHA00531_bin.1_CDS_3249,EHA00531_bin.1_CDS_3250,GCA_022776965.1_ASM2277696v1_genomic_CDS_1009
311	1	EHA00531_bin.1_CDS_1616,EHA00531_bin.1_CDS_1615,EHA00531_bin.1_CDS_1614	EHA00531_bin.1_CDS_1617,EHA00531_bin.1_CDS_1618,EHA00531_bin.1_CDS_1619
312	1	EHA00539_bin.6_CDS_0116,EHA00726_bin.13_CDS_2341,EHA00531_bin.1_CDS_1454	EHA00531_bin.1_CDS_1035,EHA00531_bin.1_CDS_1036,EHA00531_bin.1_CDS_1037
313	1	EHA00531_bin.1_CDS_1739,EHA00531_bin.1_CDS_1740,EHA00531_bin.1_CDS_1741	EHA00531_bin.1_CDS_1738,EHA00531_bin.1_CDS_1737,EHA00531_bin.1_CDS_1736
314	1	GCA_958416885.1_ERR9354025_bin.52_MetaWRAP_v1.3_MAG_genomic_CDS_0554,EHA00531_bin.1_CDS_3180,EHA00531_bin.1_CDS_3179	EHA00531_bin.1_CDS_3183,EHA00531_bin.1_CDS_3183,EHA00531_bin.1_CDS_3187
315	1	EHA00531_bin.1_CDS_3190,EHA00535_bin.6_CDS_1767,EHA00531_bin.1_CDS_1768	EHA00531_bin.1_CDS_3187,EHA00531_bin.1_CDS_3183,EHA00531_bin.1_CDS_3183
316	1	EHA00531_bin.1_CDS_3096,GCA_015060925.1_ASM1506092v1_genomic_CDS_0600,EHA00531_bin.1_CDS_3094	EHA00531_bin.1_CDS_3097,EHA00531_bin.1_CDS_3098,EHA00531_bin.1_CDS_3099
317	1	EHA00726_bin.13_CDS_3813,EHA00531_bin.1_CDS_2930,EHA00531_bin.1_CDS_2929	EHA00531_bin.1_CDS_2932,EHA00531_bin.1_CDS_2933,EHA00726_bin.13_CDS_3816
318	1	EHA00531_bin.1_CDS_2025,EHA00531_bin.1_CDS_2024,EHA00531_bin.1_CDS_2023	EHA00531_bin.1_CDS_2026,EHA00531_bin.1_CDS_2027,EHA00531_bin.1_CDS_2028
319	1	EHA00539_bin.6_CDS_2257,EHA00531_bin.1_CDS_2482,EHA00531_bin.1_CDS_2483	EHA00531_bin.1_CDS_3037,EHA00531_bin.1_CDS_3036,EHA00531_bin.1_CDS_3035
323	1	EHA00531_bin.1_CDS_1804,EHA00531_bin.1_CDS_1803,EHA03349_bin.40_CDS_1675	EHA00531_bin.1_CDS_1805,EHA00531_bin.1_CDS_1806,EHA00531_bin.1_CDS_1807
324	1	EHA00531_bin.1_CDS_1178,EHA00531_bin.1_CDS_1177,EHA00531_bin.1_CDS_1176	EHA00531_bin.1_CDS_1179,EHA00531_bin.1_CDS_1180,EHA00535_bin.6_CDS_1605
325	1	EHA00531_bin.1_CDS_2908,EHA00531_bin.1_CDS_2909,EHA00531_bin.1_CDS_2910	EHA00531_bin.1_CDS_0787,GCF_003474765.1_ASM347476v1_genomic_CDS_0212,EHA00531_bin.1_CDS_0785
326	1	GCA_015060925.1_ASM1506092v1_genomic_CDS_0872,EHA00535_bin.6_CDS_0906,EHA00531_bin.1_CDS_3548	EHA00531_bin.1_CDS_3551,EHA00531_bin.1_CDS_3552,EHA00531_bin.1_CDS_3553
327	1	EHA00531_bin.1_CDS_2642,EHA00531_bin.1_CDS_2641,EHA00531_bin.1_CDS_2640	EHA00531_bin.1_CDS_2642,EHA00531_bin.1_CDS_2643,EHA00531_bin.1_CDS_2644
